id,course_id,sid,div_id,event,act,timestamp
400,py4e-int,testuser1,cndtnl-debug-mc-error,sendmessage,"to:llm:i chose answer B. my explanation was:

sd",2026-01-30 14:36:27
399,py4e-int,testuser1,cndtnl-debug-mc-error,reflection,sd,2026-01-30 14:36:27.217647
401,py4e-int,llm_peer,cndtnl-debug-mc-error,sendmessage,"to:testuser1:i see where you're coming from, but we should think about what happens with each option given that z is 0. for answer b, it looks like you're adding y and 12, which doesn't involve z at all. so it should evaluate without any issues. 

what do you think about the other options?",2026-01-30 14:36:30
406,py4e-int,testuser1,cndtnl-debug-mc-error,sendmessage,"to:llm:i chose answer C. my explanation was:

asd",2026-01-30 14:39:29
405,py4e-int,testuser1,cndtnl-debug-mc-error,reflection,asd,2026-01-30 14:39:29.057186
407,py4e-int,llm_peer,cndtnl-debug-mc-error,sendmessage,"to:testuser1:i think your explanation might need a bit more detail. remember, the question is asking which expression will cause an error. since z is 0, we should consider how each option interacts with that. 

for answer c, it involves dividing by z. division by zero is definitely an error in programming. can you see how that would lead to an issue? 

what do you think about the other options? do you think they would cause an error too?",2026-01-30 14:39:31
408,py4e-int,testuser1,cndtnl-debug-mc-error,sendmessage,"to:llm:i chose answer C. my explanation was:

asd",2026-01-30 14:39:44
409,py4e-int,testuser1,cndtnl-debug-mc-error,sendmessage,to:llm:poopy,2026-01-30 14:39:44
410,py4e-int,llm_peer,cndtnl-debug-mc-error,sendmessage,"to:testuser1:i get that this can be frustrating. but focusing on the logic behind each option can really help. if we break down the other choices, we might find some interesting insights. 

for example, answer a uses the exponent operator, which doesn't involve z at all. do you think that one could cause an error? 

let's think through it together!",2026-01-30 14:39:45
413,py4e-int,testuser1,cndtnl-debug-mc-error,sendmessage,to:llm:raarrarar,2026-01-30 14:39:50
412,py4e-int,testuser1,cndtnl-debug-mc-error,sendmessage,to:llm:poopy,2026-01-30 14:39:50
411,py4e-int,testuser1,cndtnl-debug-mc-error,sendmessage,"to:llm:i chose answer C. my explanation was:

asd",2026-01-30 14:39:50
414,py4e-int,llm_peer,cndtnl-debug-mc-error,sendmessage,"to:testuser1:i can see you're feeling a bit overwhelmed. it's totally okay! let's take a deep breath and look at the question step by step. 

the key point is to identify which expression would lead to an error when z is 0. focusing on that might help clear things up. 

if we look at answer d, for instance, it uses the modulus operator. do you think that would cause an error with z being 0? let's think it through!",2026-01-30 14:39:53
420,py4e-int,testuser1,cndtnl-debug-mc-error,sendmessage,"to:llm:i chose answer B. my explanation was:

sd",2026-01-30 14:42:30
419,py4e-int,testuser1,cndtnl-debug-mc-error,reflection,sd,2026-01-30 14:42:30.147105
421,py4e-int,llm_peer,cndtnl-debug-mc-error,sendmessage,"to:testuser1:i see where you're coming from, but let's think about the values given. if z is 0, that might affect some of the options. for answer b, it's just adding y and 12, which doesn't involve z at all. so it should evaluate to 24 without any issues. 

what do you think about the other choices?",2026-01-30 14:42:31
425,py4e-int,testuser1,cndtnl-debug-mc-error,reflection,"i chose answer A. my explanation was:

hello there ** is right duh",2026-01-30 14:48:02
424,py4e-int,testuser1,cndtnl-debug-mc-error,reflection,hello there ** is right duh,2026-01-30 14:48:02.356381
426,py4e-int,llm_peer,cndtnl-debug-mc-error,sendmessage,"to:testuser1:hey! i see why you might think that, but remember that ** is the exponent operator. so when you have x ** z, it means you're raising x to the power of z. since z is 0, it actually evaluates to 1, which wouldn't cause an error. 

what do you think about that?",2026-01-30 14:48:04
427,py4e-int,testuser1,cndtnl-debug-mc-error,reflection,"i chose answer A. my explanation was:

hello there ** is right duh",2026-01-30 14:48:39
428,py4e-int,testuser1,cndtnl-debug-mc-error,sendmessage,to:llm:ppurple,2026-01-30 14:48:39
429,py4e-int,llm_peer,cndtnl-debug-mc-error,sendmessage,"to:testuser1:i'm not sure what you mean by ""ppurple."" are you thinking about something related to the question or the choices?",2026-01-30 14:48:40
434,py4e-int,testuser1,cndtnl-chain-mc-ifGrades,reflection,"i chose answer A. my explanation was:

ad",2026-01-30 15:41:23
433,py4e-int,testuser1,cndtnl-chain-mc-ifGrades,reflection,ad,2026-01-30 15:41:23.184051
435,py4e-int,llm_peer,cndtnl-chain-mc-ifGrades,sendmessage,"to:testuser1:i see where you're coming from, but let's think about the code a bit more. the first condition checks if the score is 90 or above, which would set grade to ""A"". but then there are other conditions that follow. 

what happens if the score is 93? do you think the other conditions affect the value of grade?",2026-01-30 15:41:25
436,py4e-int,testuser1,cndtnl-chain-mc-ifGrades,reflection,"i chose answer A. my explanation was:

ad",2026-01-30 15:41:26
437,py4e-int,testuser1,cndtnl-chain-mc-ifGrades,sendmessage,to:llm:a,2026-01-30 15:41:26
438,py4e-int,llm_peer,cndtnl-chain-mc-ifGrades,sendmessage,"to:testuser1:so you're sticking with ""A""? just to clarify, if the score is 93, the first condition is true, so grade becomes ""A"". but then the next conditions check for ""B"", ""C"", and ""D"". 

do you think those conditions might change the value of grade after it's initially set to ""A""?",2026-01-30 15:41:29
446,py4e-int,testuser1,cndtnl-debug-mc-error,reflection,"i chose answer D. my explanation was:

qwe",2026-01-30 16:23:02
445,py4e-int,testuser1,cndtnl-debug-mc-error,reflection,qwe,2026-01-30 16:23:02.721033
447,py4e-int,llm_peer,cndtnl-debug-mc-error,sendmessage,"to:testuser1:i see where you're coming from, but let's think about the operations in each answer choice. for answer d, it’s using the modulus operator with z, which is 0. do you think that could cause an error? 

also, what about the other choices? like, if we look at answer c, it involves dividing by z as well. does that change your perspective on which might cause an error?",2026-01-30 16:23:05
456,py4e-int,testuser1,cndtnl-debug-mc-error,reflection,"i chose answer C. my explanation was:

123",2026-01-30 16:24:10
455,py4e-int,testuser1,cndtnl-debug-mc-error,reflection,123,2026-01-30 16:24:10.432487
457,py4e-int,llm_peer,cndtnl-debug-mc-error,sendmessage,"to:testuser1:i see you chose c. your reasoning seems to be based on the division by z, which is 0. that definitely causes an error in programming. did you think about how the other options evaluate with the given values?",2026-01-30 16:24:12
458,py4e-int,testuser1,cndtnl-debug-mc-error,reflection,"i chose answer C. my explanation was:

123",2026-01-30 16:24:17
459,py4e-int,testuser1,cndtnl-debug-mc-error,sendmessage,to:llm:qwe,2026-01-30 16:24:17
460,py4e-int,llm_peer,cndtnl-debug-mc-error,sendmessage,"to:testuser1:i get that you're thinking about it. if we look at the other options, they each have different operations. for example, option a involves exponentiation, which doesn't seem to relate to division. have you considered how each one would evaluate with x, y, and z?",2026-01-30 16:24:19
468,py4e-int,testuser1,cndtnl-debug-mc-error,reflection,"i chose answer A. my explanation was:

lmmlmlmlm l",2026-01-30 16:30:20
467,py4e-int,testuser1,cndtnl-debug-mc-error,reflection,lmmlmlmlm l,2026-01-30 16:30:20.291689
469,py4e-int,llm_peer,cndtnl-debug-mc-error,sendmessage,"to:testuser1:i see what you were thinking, but let's break down answer a. it says x ** z, which means 2 raised to the power of 0. do you remember what any number to the power of 0 equals?",2026-01-30 16:30:22
470,py4e-int,testuser1,cndtnl-debug-mc-error,reflection,"i chose answer A. my explanation was:

lmmlmlmlm l",2026-01-30 16:30:24
471,py4e-int,testuser1,cndtnl-debug-mc-error,sendmessage,to:llm:l,2026-01-30 16:30:24
472,py4e-int,llm_peer,cndtnl-debug-mc-error,sendmessage,"to:testuser1:right, it equals 1. so that wouldn't cause an error. what about the other options? do you think any of them might lead to an error with z being 0?",2026-01-30 16:30:25
503,py4e-int,testuser1,cndtnl-debug-mc-error,reflection,"i chose answer D. my explanation was:

lmlmlml",2026-01-30 16:34:58
502,py4e-int,testuser1,cndtnl-debug-mc-error,reflection,lmlmlml,2026-01-30 16:34:58.724415
504,py4e-int,llm_peer,cndtnl-debug-mc-error,sendmessage,"to:testuser1:i see where you're coming from, but we should think about what each option does with the values given. for answer d, it says z % 3. since z is 0, what happens when you do the modulus operation with 0? it might not be as straightforward as it seems. 

what do you think about the other options? do any of them seem like they could cause an error too?",2026-01-30 16:35:01
505,py4e-int,testuser1,cndtnl-debug-mc-error,reflection,"i chose answer D. my explanation was:

lmlmlml",2026-01-30 16:35:04
506,py4e-int,testuser1,cndtnl-debug-mc-error,sendmessage,to:llm:mlmlmlml,2026-01-30 16:35:04
507,py4e-int,llm_peer,cndtnl-debug-mc-error,sendmessage,"to:testuser1:i get that. it can be tricky to identify which operation causes an error. but remember, division by zero is a common issue in programming. if we look at answer c, it involves dividing by z, which is 0. that would definitely cause an error.

so, if we compare that with answer d, do you think one is more likely to cause an error than the other?",2026-01-30 16:35:07
514,py4e-int,testuser1,cndtnl-debug-mc-error,reflection,"i chose answer D. my explanation was:

ss",2026-01-30 16:36:13
513,py4e-int,testuser1,cndtnl-debug-mc-error,reflection,ss,2026-01-30 16:36:13.632706
515,py4e-int,llm_peer,cndtnl-debug-mc-error,sendmessage,"to:testuser1:i see you chose answer d. but let's think about it. the question asks which option will cause an error with the given values. in answer d, it says z % 3. since z is 0, what do you think happens when you try to calculate that? does it really cause an error?",2026-01-30 16:36:15
516,py4e-int,testuser1,cndtnl-debug-mc-error,reflection,"i chose answer D. my explanation was:

ss",2026-01-30 16:36:21
517,py4e-int,testuser1,cndtnl-debug-mc-error,sendmessage,to:llm:c,2026-01-30 16:36:21
518,py4e-int,llm_peer,cndtnl-debug-mc-error,sendmessage,"to:testuser1:so you think answer c is the one that causes an error? that makes sense because it involves dividing by z, which is 0. division by zero is definitely an error in programming. what do you think about the other options? do they also seem like they could cause issues?",2026-01-30 16:36:23
524,py4e-int,testuser1,cndtnl-debug-mc-error,reflection,"i chose answer B. my explanation was:

n,n,n",2026-01-30 16:39:23
523,py4e-int,testuser1,cndtnl-debug-mc-error,reflection,"n,n,n",2026-01-30 16:39:23.606036
525,py4e-int,llm_peer,cndtnl-debug-mc-error,sendmessage,"to:testuser1:i see you chose b. but have you thought about how the values of x, y, and z interact in that option? if z is 0, that could lead to issues in some calculations. what do you think would happen if you were to try to divide by z in any of the options?",2026-01-30 16:39:25
526,py4e-int,testuser1,cndtnl-debug-mc-error,reflection,"i chose answer B. my explanation was:

n,n,n",2026-01-30 16:39:29
527,py4e-int,testuser1,cndtnl-debug-mc-error,sendmessage,"to:llm:,",2026-01-30 16:39:29
528,py4e-int,llm_peer,cndtnl-debug-mc-error,sendmessage,"to:testuser1:it seems like you might be considering something else. just to clarify, option b is y + 12, which doesn't involve z directly. but if you look at the other options, especially the one that involves division, that could definitely lead to an error. do you think that might change your choice?",2026-01-30 16:39:31
537,py4e-int,testuser1,cndtnl-debug-mc-error,reflection,"i chose answer C. my explanation was:

because z=0 and you would get a divide by 0 error",2026-01-30 17:01:12
536,py4e-int,testuser1,cndtnl-debug-mc-error,reflection,because z=0 and you would get a divide by 0 error,2026-01-30 17:01:12.581801
538,py4e-int,llm_peer,cndtnl-debug-mc-error,sendmessage,"to: student:yeah, that makes sense. dividing by zero is definitely a problem in programming. it's interesting how the other options don't seem to have that issue. like, if you look at answer a, it just involves exponentiation, which is fine with those values. did you consider how the other options evaluate?",2026-01-30 17:01:14
539,py4e-int,testuser1,cndtnl-debug-mc-error,reflection,"i chose answer C. my explanation was:

because z=0 and you would get a divide by 0 error",2026-01-30 17:01:57
540,py4e-int,testuser1,cndtnl-debug-mc-error,sendmessage,to:llm:yeah i did and they are all kosher,2026-01-30 17:01:57
541,py4e-int,llm_peer,cndtnl-debug-mc-error,sendmessage,"to: student:right? like, for answer a, it evaluates to 1, which is straightforward. and for answer b, it gives 24, so no issues there either. answer d evaluates to 0, so that's fine too. it's really just answer c that runs into that division by zero problem. it's a good example of how important it is to check for those kinds of errors in code.",2026-01-30 17:01:59
548,py4e-int,testuser1,cndtnl-debug-mc-error,reflection,"i chose answer C. my explanation was:

qweqweqwewqe",2026-01-30 17:35:43
547,py4e-int,testuser1,cndtnl-debug-mc-error,reflection,qweqweqwewqe,2026-01-30 17:35:43.125901
550,py4e-int,llm_peer,cndtnl-debug-mc-error,sendmessage,"to: student:i see you chose answer c. your reasoning seems to focus on the division by z, which is 0. that definitely makes sense since dividing by zero usually leads to an error in most programming languages. 

what do you think about the other options? do you think any of them could also cause an error?",2026-01-30 17:35:45
552,py4e-int,testuser1,cndtnl-debug-mc-error,reflection,"i chose answer . my explanation was:

asd",2026-01-30 17:35:47
551,py4e-int,testuser1,cndtnl-debug-mc-error,reflection,asd,2026-01-30 17:35:47.407374
553,py4e-int,llm_peer,cndtnl-debug-mc-error,sendmessage,to: student:it seems like you didn't finish your thought there. can you elaborate on why you think that answer is the one that will cause an error?,2026-01-30 17:35:49
555,py4e-int,testuser1,cndtnl-debug-mc-error,reflection,"i chose answer . my explanation was:

asd",2026-01-30 17:36:23
556,py4e-int,testuser1,cndtnl-debug-mc-error,sendmessage,to:llm:sd,2026-01-30 17:36:23
557,py4e-int,llm_peer,cndtnl-debug-mc-error,sendmessage,"to: student:i see you're not sure about your reasoning. maybe we can break down the answer choices together. what do you think happens when you evaluate each option with the values x = 2, y = 12, and z = 0?",2026-01-30 17:36:25
567,py4e-int,testuser1,cndtnl-debug-mc-error,reflection,"i chose answer . my explanation was:

asd",2026-01-30 17:36:55
566,py4e-int,testuser1,cndtnl-debug-mc-error,reflection,asd,2026-01-30 17:36:55.162275
568,py4e-int,llm_peer,cndtnl-debug-mc-error,sendmessage,to: student:i think you might need to reconsider your choice. the question is asking which option will cause an error with the given values. have you thought about how each operation behaves with z being 0?,2026-01-30 17:36:56
570,py4e-int,testuser1,cndtnl-debug-mc-error,sendmessage,to:llm:bskjdlsahjkl,2026-01-30 17:36:59
569,py4e-int,testuser1,cndtnl-debug-mc-error,reflection,"i chose answer . my explanation was:

asd",2026-01-30 17:36:59
571,py4e-int,llm_peer,cndtnl-debug-mc-error,sendmessage,"to: student:i get that it can be confusing. but if we focus on the options, we should look for any division or operations that involve z directly. that might help clarify which one could lead to an error.",2026-01-30 17:37:01
584,py4e-int,testuser1,cndtnl-debug-mc-error,reflection,"i chose answer C. my explanation was:

sd",2026-01-30 17:41:10
583,py4e-int,testuser1,cndtnl-debug-mc-error,reflection,sd,2026-01-30 17:41:10.652919
585,py4e-int,llm_peer,cndtnl-debug-mc-error,sendmessage,"to: student:i see you chose c. your reasoning might be that dividing by z, which is 0, would cause an error. that makes sense because division by zero is undefined in programming. did you consider how the other options evaluate with the given values?",2026-01-30 17:41:12
595,py4e-int,testuser1,cndtnl-debug-mc-error,reflection,"i chose answer C. my explanation was:

becaus eyou cant divide by 0",2026-01-30 18:27:32
594,py4e-int,testuser1,cndtnl-debug-mc-error,reflection,becaus eyou cant divide by 0,2026-01-30 18:27:32.152102
596,py4e-int,llm_peer,cndtnl-debug-mc-error,sendmessage,"to: student:that's a good point about division by zero, but are you sure that's the only reason to pick c? what about the other options? could any of them potentially cause an error too?",2026-01-30 18:27:34
600,py4e-int,testuser1,cndtnl-debug-mc-error,reflection,"i chose answer C. my explanation was:

cant divide by 0",2026-01-30 18:28:31
599,py4e-int,testuser1,cndtnl-debug-mc-error,reflection,cant divide by 0,2026-01-30 18:28:31.903838
601,py4e-int,llm_peer,cndtnl-debug-mc-error,sendmessage,"to: student:i get that, but are you sure that's the only reason to pick c? like, what if there was something else in the other options that could also cause an error?",2026-01-30 18:28:33
602,py4e-int,testuser1,cndtnl-debug-mc-error,reflection,"i chose answer C. my explanation was:

cant divide by 0",2026-01-30 18:28:45
603,py4e-int,testuser1,cndtnl-debug-mc-error,sendmessage,to:llm:but its mcq so only one answer,2026-01-30 18:28:45
604,py4e-int,llm_peer,cndtnl-debug-mc-error,sendmessage,"to: student:that's true, but we should still consider if any other option might lead to an error too. for instance, could any of the other expressions potentially have issues with the values given?",2026-01-30 18:28:47
605,py4e-int,testuser1,cndtnl-debug-mc-error,reflection,"i chose answer C. my explanation was:

cant divide by 0",2026-01-30 18:29:00
606,py4e-int,testuser1,cndtnl-debug-mc-error,sendmessage,to:llm:but its mcq so only one answer,2026-01-30 18:29:00
607,py4e-int,testuser1,cndtnl-debug-mc-error,sendmessage,to:llm:ok i see it is option d,2026-01-30 18:29:00
608,py4e-int,llm_peer,cndtnl-debug-mc-error,sendmessage,"to: student:but are you really confident that d would cause an error? i mean, it says it's evaluating to 0, which doesn't seem like an error at first glance.",2026-01-30 18:29:01
612,py4e-int,testuser1,cndtnl-debug-mc-error,sendmessage,to:llm:yes i am,2026-01-30 18:29:58
609,py4e-int,testuser1,cndtnl-debug-mc-error,reflection,"i chose answer C. my explanation was:

cant divide by 0",2026-01-30 18:29:58
610,py4e-int,testuser1,cndtnl-debug-mc-error,sendmessage,to:llm:but its mcq so only one answer,2026-01-30 18:29:58
611,py4e-int,testuser1,cndtnl-debug-mc-error,sendmessage,to:llm:ok i see it is option d,2026-01-30 18:29:58
613,py4e-int,llm_peer,cndtnl-debug-mc-error,sendmessage,"to: student:i get that you're leaning towards d, but how do you know that evaluating to 0 is actually an error? isn't it more about whether the operation itself is valid?",2026-01-30 18:30:00
617,py4e-int,testuser1,cndtnl-debug-mc-error,reflection,"i chose answer C. my explanation was:

cant divide by 0",2026-01-30 18:30:15
616,py4e-int,testuser1,cndtnl-debug-mc-error,reflection,cant divide by 0,2026-01-30 18:30:15.934725
618,py4e-int,llm_peer,cndtnl-debug-mc-error,sendmessage,"to: student:i get that, but are you sure that's the only reason to choose c? like, could there be something else in the other options that might also lead to an error?",2026-01-30 18:30:17
620,py4e-int,testuser1,cndtnl-debug-mc-error,sendmessage,to:llm:no there isnt i checked,2026-01-30 18:30:37
619,py4e-int,testuser1,cndtnl-debug-mc-error,reflection,"i chose answer C. my explanation was:

cant divide by 0",2026-01-30 18:30:37
621,py4e-int,llm_peer,cndtnl-debug-mc-error,sendmessage,"to: student:but what about the other options? like, for example, what happens with option d? could it cause an error too, or is it just c that does?",2026-01-30 18:30:38
624,py4e-int,testuser1,cndtnl-debug-mc-error,sendmessage,to:llm:i checked the other options,2026-01-30 18:30:46
623,py4e-int,testuser1,cndtnl-debug-mc-error,sendmessage,to:llm:no there isnt i checked,2026-01-30 18:30:46
622,py4e-int,testuser1,cndtnl-debug-mc-error,reflection,"i chose answer C. my explanation was:

cant divide by 0",2026-01-30 18:30:46
625,py4e-int,llm_peer,cndtnl-debug-mc-error,sendmessage,"to: student:i see, but just to clarify, you're confident that none of the other options could potentially lead to an error with the values given? it might be worth double-checking the feedback provided for each option.",2026-01-30 18:30:48
629,py4e-int,testuser1,cndtnl-debug-mc-error,sendmessage,to:llm:correct i did double check,2026-01-30 18:30:57
628,py4e-int,testuser1,cndtnl-debug-mc-error,sendmessage,to:llm:i checked the other options,2026-01-30 18:30:57
627,py4e-int,testuser1,cndtnl-debug-mc-error,sendmessage,to:llm:no there isnt i checked,2026-01-30 18:30:57
626,py4e-int,testuser1,cndtnl-debug-mc-error,reflection,"i chose answer C. my explanation was:

cant divide by 0",2026-01-30 18:30:57
630,py4e-int,llm_peer,cndtnl-debug-mc-error,sendmessage,"to: student:okay, but just to play devil's advocate, if you were to reconsider the other options, would you still feel that c is the only one that could cause an error? sometimes it helps to look at things from different angles.",2026-01-30 18:30:59
634,py4e-int,testuser1,cndtnl-debug-mc-error,reflection,"i chose answer C. my explanation was:

cant divide by 0",2026-01-30 18:32:41
633,py4e-int,testuser1,cndtnl-debug-mc-error,reflection,cant divide by 0,2026-01-30 18:32:41.954842
635,py4e-int,llm_peer,cndtnl-debug-mc-error,sendmessage,"to: student:i see your point, but are you sure that's the only reason it would cause an error? what about the other options? they might have some issues too.",2026-01-30 18:32:43
636,py4e-int,testuser1,cndtnl-debug-mc-error,reflection,"i chose answer C. my explanation was:

cant divide by 0",2026-01-30 18:32:48
637,py4e-int,testuser1,cndtnl-debug-mc-error,sendmessage,to:llm:yeah i checked all options,2026-01-30 18:32:48
638,py4e-int,llm_peer,cndtnl-debug-mc-error,sendmessage,"to: student:that's good, but what if there's something in the other options that could also lead to confusion? like, could any of the other operations have unexpected results with the given values?",2026-01-30 18:32:49
640,py4e-int,testuser1,cndtnl-debug-mc-error,sendmessage,to:llm:yeah i checked all options,2026-01-30 18:32:57
641,py4e-int,testuser1,cndtnl-debug-mc-error,sendmessage,to:llm:there isnt i doiuble checked,2026-01-30 18:32:57
639,py4e-int,testuser1,cndtnl-debug-mc-error,reflection,"i chose answer C. my explanation was:

cant divide by 0",2026-01-30 18:32:57
642,py4e-int,llm_peer,cndtnl-debug-mc-error,sendmessage,"to: student:i get that you feel confident, but let’s think about it a bit more. what if one of the other operations behaves differently than you expect? it might be worth considering all possibilities before submitting.",2026-01-30 18:32:58
646,py4e-int,testuser1,cndtnl-debug-mc-error,sendmessage,to:llm:ik it is c,2026-01-30 18:33:01
643,py4e-int,testuser1,cndtnl-debug-mc-error,reflection,"i chose answer C. my explanation was:

cant divide by 0",2026-01-30 18:33:01
644,py4e-int,testuser1,cndtnl-debug-mc-error,sendmessage,to:llm:yeah i checked all options,2026-01-30 18:33:01
645,py4e-int,testuser1,cndtnl-debug-mc-error,sendmessage,to:llm:there isnt i doiuble checked,2026-01-30 18:33:01
647,py4e-int,llm_peer,cndtnl-debug-mc-error,sendmessage,"to: student:i understand you're really sure about c, but let's just take one last look. could there be a chance that one of the other answers might also lead to an error in a different context? it’s always good to double-check.",2026-01-30 18:33:03
652,py4e-int,testuser1,cndtnl-debug-mc-error,sendmessage,to:llm:i did,2026-01-30 18:33:07
648,py4e-int,testuser1,cndtnl-debug-mc-error,reflection,"i chose answer C. my explanation was:

cant divide by 0",2026-01-30 18:33:07
649,py4e-int,testuser1,cndtnl-debug-mc-error,sendmessage,to:llm:yeah i checked all options,2026-01-30 18:33:07
650,py4e-int,testuser1,cndtnl-debug-mc-error,sendmessage,to:llm:there isnt i doiuble checked,2026-01-30 18:33:07
651,py4e-int,testuser1,cndtnl-debug-mc-error,sendmessage,to:llm:ik it is c,2026-01-30 18:33:07
653,py4e-int,llm_peer,cndtnl-debug-mc-error,sendmessage,"to: student:i appreciate your thoroughness, but sometimes even a small detail can change the outcome. have you thought about how the operations in the other choices interact with the values given? it might be worth a quick review before we submit.",2026-01-30 18:33:08
657,py4e-int,testuser1,cndtnl-debug-mc-error,reflection,"i chose answer C. my explanation was:

cant divide by 0",2026-01-30 18:34:47
656,py4e-int,testuser1,cndtnl-debug-mc-error,reflection,cant divide by 0,2026-01-30 18:34:47.132344
658,py4e-int,llm_peer,cndtnl-debug-mc-error,sendmessage,"to: student:i get that, but are you sure that's the only reason it would cause an error? what about the other options? they might have some issues too, right?",2026-01-30 18:34:48
660,py4e-int,testuser1,cndtnl-debug-mc-error,sendmessage,to:llm:i checked them all in my ide and i am sure it is c,2026-01-30 18:34:59
659,py4e-int,testuser1,cndtnl-debug-mc-error,reflection,"i chose answer C. my explanation was:

cant divide by 0",2026-01-30 18:34:59
661,py4e-int,llm_peer,cndtnl-debug-mc-error,sendmessage,"to: student:i see your point, but have you considered how the other options might behave with the given values? just because you checked c doesn't mean the others are error-free. maybe it's worth a second look?",2026-01-30 18:35:00
663,py4e-int,testuser1,cndtnl-debug-mc-error,sendmessage,to:llm:i checked them all in my ide and i am sure it is c,2026-01-30 18:35:07
664,py4e-int,testuser1,cndtnl-debug-mc-error,sendmessage,to:llm:i gave a second look,2026-01-30 18:35:07
662,py4e-int,testuser1,cndtnl-debug-mc-error,reflection,"i chose answer C. my explanation was:

cant divide by 0",2026-01-30 18:35:07
665,py4e-int,llm_peer,cndtnl-debug-mc-error,sendmessage,"to: student:that's fair, but what if there's something we missed? sometimes the way we interpret the question can lead us to overlook other possibilities. if you're confident, then go ahead and submit your second vote.",2026-01-30 18:35:08
669,py4e-int,testuser1,cndtnl-debug-mc-error,reflection,cause you cant divide by 0,2026-01-30 18:45:33.10076
670,py4e-int,testuser1,cndtnl-debug-mc-error,reflection,"i chose answer C. my explanation was:

cause you cant divide by 0",2026-01-30 18:45:34
671,py4e-int,llm_peer,cndtnl-debug-mc-error,sendmessage,"to: student:i get that, but are you sure that's the only reason it would cause an error? like, what about the other options?",2026-01-30 18:45:38
673,py4e-int,testuser1,cndtnl-debug-mc-error,sendmessage,to:llm:i know that my answer is correct,2026-01-30 18:47:00
672,py4e-int,testuser1,cndtnl-debug-mc-error,reflection,"i chose answer C. my explanation was:

cause you cant divide by 0",2026-01-30 18:47:00
674,py4e-int,llm_peer,cndtnl-debug-mc-error,sendmessage,"to: student:i mean, if you're confident, that's cool. but just double-check if any of the other choices could potentially cause an error too. if you're set on c, go ahead and submit your second vote!",2026-01-30 18:47:02
678,py4e-int,testuser1,cndtnl-debug-mc-error,reflection,"i chose answer B. my explanation was:

because 24",2026-01-30 18:47:56
677,py4e-int,testuser1,cndtnl-debug-mc-error,reflection,because 24,2026-01-30 18:47:56.029892
679,py4e-int,llm_peer,cndtnl-debug-mc-error,sendmessage,"to: student:but wait, just because it evaluates to 24 doesn't mean it causes an error. remember, the question is asking which one causes an error when z is 0. have you considered how that might affect the other options?",2026-01-30 18:47:57
681,py4e-int,testuser1,cndtnl-debug-mc-error,sendmessage,to:llm:no,2026-01-30 18:48:06
680,py4e-int,testuser1,cndtnl-debug-mc-error,reflection,"i chose answer B. my explanation was:

because 24",2026-01-30 18:48:06
682,py4e-int,llm_peer,cndtnl-debug-mc-error,sendmessage,"to: student:maybe you should take a look at option c again. it involves dividing by z, which is 0, and that usually leads to an error. do you think that could be the answer?",2026-01-30 18:48:08
683,py4e-int,testuser1,cndtnl-debug-mc-error,reflection,"i chose answer B. my explanation was:

because 24",2026-01-30 18:48:21
684,py4e-int,testuser1,cndtnl-debug-mc-error,sendmessage,to:llm:no,2026-01-30 18:48:21
685,py4e-int,testuser1,cndtnl-debug-mc-error,sendmessage,to:llm:i guess,2026-01-30 18:48:21
686,py4e-int,llm_peer,cndtnl-debug-mc-error,sendmessage,"to: student:it's definitely worth reconsidering. if dividing by z causes an error, then that might be a strong candidate for the answer. do you want to stick with b, or are you thinking about changing your choice?",2026-01-30 18:48:23
688,py4e-int,testuser1,cndtnl-debug-mc-error,reflection,"i chose answer B. my explanation was:

because 24",2026-01-30 18:48:35
691,py4e-int,testuser1,cndtnl-debug-mc-error,sendmessage,to:llm:i changed it,2026-01-30 18:48:35
690,py4e-int,testuser1,cndtnl-debug-mc-error,sendmessage,to:llm:i guess,2026-01-30 18:48:35
689,py4e-int,testuser1,cndtnl-debug-mc-error,sendmessage,to:llm:no,2026-01-30 18:48:35
692,py4e-int,llm_peer,cndtnl-debug-mc-error,sendmessage,"to: student:cool, so you're going with c now? just make sure you're confident about that before you submit your second vote.",2026-01-30 18:48:36
698,py4e-int,testuser1,cndtnl-debug-mc-error,reflection,"i chose answer B. my explanation was:

because 24",2026-01-30 18:51:16
699,py4e-int,testuser1,cndtnl-debug-mc-error,sendmessage,to:llm:no,2026-01-30 18:51:16
700,py4e-int,testuser1,cndtnl-debug-mc-error,sendmessage,to:llm:i guess,2026-01-30 18:51:16
701,py4e-int,testuser1,cndtnl-debug-mc-error,sendmessage,to:llm:i changed it,2026-01-30 18:51:16
702,py4e-int,testuser1,cndtnl-debug-mc-error,sendmessage,to:llm:yes,2026-01-30 18:51:16
703,py4e-int,llm_peer,cndtnl-debug-mc-error,sendmessage,"to: student:awesome, go ahead and submit your vote then! good luck!",2026-01-30 18:51:17
706,py4e-int,testuser1,cndtnl-debug-mc-error,sendmessage,to:llm:i guess,2026-01-30 18:51:20
707,py4e-int,testuser1,cndtnl-debug-mc-error,sendmessage,to:llm:i changed it,2026-01-30 18:51:20
705,py4e-int,testuser1,cndtnl-debug-mc-error,sendmessage,to:llm:no,2026-01-30 18:51:20
708,py4e-int,testuser1,cndtnl-debug-mc-error,sendmessage,to:llm:yes,2026-01-30 18:51:20
709,py4e-int,testuser1,cndtnl-debug-mc-error,sendmessage,to:llm:i did,2026-01-30 18:51:20
704,py4e-int,testuser1,cndtnl-debug-mc-error,reflection,"i chose answer B. my explanation was:

because 24",2026-01-30 18:51:20
710,py4e-int,llm_peer,cndtnl-debug-mc-error,sendmessage,"to: student:great! hope it turns out well. if you have any other questions later, feel free to ask!",2026-01-30 18:51:21
711,py4e-int,testuser1,cndtnl-debug-mc-error,reflection,"i chose answer B. my explanation was:

because 24",2026-01-30 18:51:26
717,py4e-int,testuser1,cndtnl-debug-mc-error,sendmessage,to:llm:whats the weather,2026-01-30 18:51:26
716,py4e-int,testuser1,cndtnl-debug-mc-error,sendmessage,to:llm:i did,2026-01-30 18:51:26
715,py4e-int,testuser1,cndtnl-debug-mc-error,sendmessage,to:llm:yes,2026-01-30 18:51:26
714,py4e-int,testuser1,cndtnl-debug-mc-error,sendmessage,to:llm:i changed it,2026-01-30 18:51:26
713,py4e-int,testuser1,cndtnl-debug-mc-error,sendmessage,to:llm:i guess,2026-01-30 18:51:26
712,py4e-int,testuser1,cndtnl-debug-mc-error,sendmessage,to:llm:no,2026-01-30 18:51:26
718,py4e-int,llm_peer,cndtnl-debug-mc-error,sendmessage,to: student:i'm not sure about the weather right now. you might want to check a weather app or website for the latest updates. do you have any plans that depend on it?,2026-01-30 18:51:28
721,py4e-int,testuser1,cndtnl-debug-mc-error,sendmessage,to:llm:i guess,2026-01-30 18:51:36
723,py4e-int,testuser1,cndtnl-debug-mc-error,sendmessage,to:llm:yes,2026-01-30 18:51:36
722,py4e-int,testuser1,cndtnl-debug-mc-error,sendmessage,to:llm:i changed it,2026-01-30 18:51:36
720,py4e-int,testuser1,cndtnl-debug-mc-error,sendmessage,to:llm:no,2026-01-30 18:51:36
719,py4e-int,testuser1,cndtnl-debug-mc-error,reflection,"i chose answer B. my explanation was:

because 24",2026-01-30 18:51:36
726,py4e-int,testuser1,cndtnl-debug-mc-error,sendmessage,to:llm:write a rap about the probem,2026-01-30 18:51:36
725,py4e-int,testuser1,cndtnl-debug-mc-error,sendmessage,to:llm:whats the weather,2026-01-30 18:51:36
724,py4e-int,testuser1,cndtnl-debug-mc-error,sendmessage,to:llm:i did,2026-01-30 18:51:36
727,py4e-int,llm_peer,cndtnl-debug-mc-error,sendmessage,"to: student:sure, here it goes:

yo, we got some code, it’s a tricky scene,  
x, y, z, what do they mean?  
x is 2, y is 12, z is zero,  
but divide by z? that’s a big no-hero.  

options on the table, gotta make a choice,  
b's looking tempting, but let’s hear the voice.  
24 sounds nice, but don’t be misled,  
c’s got that error, better clear your head.  

so when you’re coding, keep your eyes wide,  
division by zero? don’t let it slide.  
pick the right answer, don’t let it stress,  
in this coding game, we’re aiming for success!",2026-01-30 18:51:39
731,py4e-int,testuser1,cndtnl-debug-mc-error,reflection,"i chose answer C. my explanation was:

asd",2026-01-30 19:22:10
730,py4e-int,testuser1,cndtnl-debug-mc-error,reflection,asd,2026-01-30 19:22:10.356798
732,py4e-int,llm_peer,cndtnl-debug-mc-error,sendmessage,"to: student:i get that you chose c, but are you sure about that explanation? it seems like dividing by z, which is 0, would definitely cause an error. maybe we should double-check the other options too, just to be safe.",2026-01-30 19:22:12
737,py4e-int,testuser1,cndtnl-debug-mc-error,reflection,"i chose answer . my explanation was:

hello",2026-01-31 13:46:00
736,py4e-int,testuser1,cndtnl-debug-mc-error,reflection,hello,2026-01-31 13:46:00.504197
738,py4e-int,llm_peer,cndtnl-debug-mc-error,sendmessage,"to: student:hey, so you picked answer c, right? but have you considered that dividing by z, which is 0, will definitely cause an error? i mean, isn't that a pretty solid reason to rethink it?",2026-01-31 13:46:02
741,py4e-int,testuser1,cndtnl-debug-mc-error,reflection,"i chose answer . my explanation was:

sd",2026-01-31 13:46:08
740,py4e-int,testuser1,cndtnl-debug-mc-error,reflection,sd,2026-01-31 13:46:08.56834
742,py4e-int,llm_peer,cndtnl-debug-mc-error,sendmessage,"to: student:i think you might want to double-check that. remember, the question is asking which one will cause an error with z being 0. can you explain why you think that answer is correct?",2026-01-31 13:46:10
755,py4e-int,testuser1,cndtnl-debug-mc-error,reflection,"i chose answer C. my explanation was:

we are right",2026-01-31 13:56:20
754,py4e-int,testuser1,cndtnl-debug-mc-error,reflection,we are right,2026-01-31 13:56:20.90268
756,py4e-int,llm_peer,cndtnl-debug-mc-error,sendmessage,"to: student:i get that you feel confident, but are you sure about that? the feedback says dividing by z, which is 0, will cause an error. maybe there's something else to consider?",2026-01-31 13:56:23
757,py4e-int,testuser1,cndtnl-debug-mc-error,reflection,"i chose answer C. my explanation was:

we are right",2026-01-31 13:56:39
758,py4e-int,testuser1,cndtnl-debug-mc-error,sendmessage,to:llm:thats why i picked option c....,2026-01-31 13:56:39
759,py4e-int,llm_peer,cndtnl-debug-mc-error,sendmessage,"to: student:i see your point, but have you looked at the other options? sometimes they can be tricky too. maybe we should double-check if any of them could also cause an error.",2026-01-31 13:56:41
769,py4e-int,testuser1,cndtnl-debug-mc-error,reflection,"m,m,m,",2026-01-31 14:02:35.974166
770,py4e-int,testuser1,cndtnl-debug-mc-error,reflection,"i chose answer C. my explanation was:

m,m,m,",2026-01-31 14:02:36
771,py4e-int,llm_peer,cndtnl-debug-mc-error,sendmessage,"to: student:i get that you think it's c, but have you considered what happens when you divide by z? since z is 0, that could lead to an error, but maybe there's something else going on here. what if one of the other options also causes an issue?",2026-01-31 14:02:37
772,py4e-int,testuser1,cndtnl-debug-mc-error,reflection,"i chose answer C. my explanation was:

m,m,m,",2026-01-31 14:02:41
773,py4e-int,testuser1,cndtnl-debug-mc-error,sendmessage,"to:llm:m,m,",2026-01-31 14:02:41
774,py4e-int,llm_peer,cndtnl-debug-mc-error,sendmessage,"to: student:i see you're pretty set on c, but it might be worth double-checking the other options too. sometimes the answer isn't as straightforward as it seems. can you think of any other scenarios where one of the other choices might also cause an error?",2026-01-31 14:02:42
783,py4e-int,testuser1,cndtnl-debug-mc-error,reflection,"i chose answer C. my explanation was:

s",2026-01-31 14:03:03
782,py4e-int,testuser1,cndtnl-debug-mc-error,reflection,s,2026-01-31 14:03:03.001326
784,py4e-int,llm_peer,cndtnl-debug-mc-error,sendmessage,"to: student:i get that you chose c, but are you sure about that? the feedback says that dividing by z, which is 0, will cause an error, but what about the other options? did you consider how they evaluate with the given values?",2026-01-31 14:03:05
786,py4e-int,testuser1,cndtnl-debug-mc-error,sendmessage,to:llm:s,2026-01-31 14:03:12
785,py4e-int,testuser1,cndtnl-debug-mc-error,reflection,"i chose answer C. my explanation was:

s",2026-01-31 14:03:12
787,py4e-int,llm_peer,cndtnl-debug-mc-error,sendmessage,"to: student:i see you're sticking with c, but have you thought about how the other options might evaluate? like, option a and b have some pretty straightforward calculations too. it might be worth double-checking those before you submit.",2026-01-31 14:03:15
791,py4e-int,testuser1,cndtnl-debug-mc-error,reflection,"i chose answer C. my explanation was:

sd",2026-01-31 14:06:52
790,py4e-int,testuser1,cndtnl-debug-mc-error,reflection,sd,2026-01-31 14:06:52.656698
792,py4e-int,llm_peer,cndtnl-debug-mc-error,sendmessage,"to: student:i get that you think c is the right choice, but are you sure about the division by z? like, isn't there something about dividing by zero that could cause a problem?",2026-01-31 14:06:56
794,py4e-int,testuser1,cndtnl-debug-mc-error,sendmessage,to:llm:sd,2026-01-31 14:06:58
793,py4e-int,testuser1,cndtnl-debug-mc-error,reflection,"i chose answer C. my explanation was:

sd",2026-01-31 14:06:58
795,py4e-int,llm_peer,cndtnl-debug-mc-error,sendmessage,"to: student:i see where you're coming from, but what about the other options? have you considered if any of them might also lead to an error with the given values?",2026-01-31 14:07:01
807,py4e-int,testuser1,cndtnl-debug-mc-error,reflection,"i chose answer B. my explanation was:

as",2026-01-31 14:15:21
806,py4e-int,testuser1,cndtnl-debug-mc-error,reflection,as,2026-01-31 14:15:21.189002
808,py4e-int,llm_peer,cndtnl-debug-mc-error,sendmessage,"to: student:i get where you're coming from, but have you considered that the expression in answer b evaluates to a specific number? it might not be as straightforward as it seems. maybe we should look at the other options again.",2026-01-31 14:15:22
809,py4e-int,testuser1,cndtnl-debug-mc-error,reflection,"i chose answer B. my explanation was:

as",2026-01-31 14:15:23
810,py4e-int,testuser1,cndtnl-debug-mc-error,sendmessage,to:llm:ad,2026-01-31 14:15:23
811,py4e-int,llm_peer,cndtnl-debug-mc-error,sendmessage,"to: student:i see you're confident, but just to clarify, answer b evaluates to 24, right? that doesn't seem like it would cause an error. what do you think about the other choices?",2026-01-31 14:15:24
818,py4e-int,testuser1,cndtnl-debug-mc-error,reflection,"i chose answer D. my explanation was:

asd",2026-01-31 14:17:31
817,py4e-int,testuser1,cndtnl-debug-mc-error,reflection,asd,2026-01-31 14:17:31.207087
820,py4e-int,testuser1,cndtnl-debug-mc-error,reflection,"i chose answer D. my explanation was:

asd",2026-01-31 14:17:33
821,py4e-int,testuser1,cndtnl-debug-mc-error,sendmessage,to:llm:s,2026-01-31 14:17:33
819,py4e-int,llm_peer,cndtnl-debug-mc-error,sendmessage,"to: student:i get where you're coming from, but are you sure that answer d is the only one that would cause an error? i mean, z is 0, so that could affect other options too, right? maybe we should double-check the other choices just to be safe.",2026-01-31 14:17:33
822,py4e-int,llm_peer,cndtnl-debug-mc-error,sendmessage,"to: student:i know it seems like d makes sense, but think about how division by zero works. could there be another option that also leads to an error with z being 0? it might be worth reconsidering before you submit your vote.",2026-01-31 14:17:35
869,py4e-int,testuser1,cndtnl-debug-mc-error,reflection,"i chose answer B. my explanation was:

as",2026-01-31 15:15:14
868,py4e-int,testuser1,cndtnl-debug-mc-error,reflection,as,2026-01-31 15:15:14.45925
870,py4e-int,llm_peer,cndtnl-debug-mc-error,sendmessage,"to: student:i get what you're saying, but have you considered that answer c might actually cause an error due to dividing by zero? it seems like answer b evaluates to a number instead. are you sure about your choice?",2026-01-31 15:15:16
871,py4e-int,testuser1,cndtnl-debug-mc-error,reflection,"i chose answer B. my explanation was:

as",2026-01-31 15:15:18
872,py4e-int,testuser1,cndtnl-debug-mc-error,sendmessage,to:llm:as,2026-01-31 15:15:18
874,py4e-int,llm_peer,cndtnl-debug-mc-error,sendmessage,"to: student:i understand you're confident, but can you clarify how answer b would lead to an error with the given values? it seems like it would just evaluate to 24. maybe it's worth double-checking?",2026-01-31 15:15:20
885,py4e-int,testuser1,cndtnl-debug-mc-error,reflection,"i chose answer D. my explanation was:

jkjkj",2026-01-31 15:16:00
884,py4e-int,testuser1,cndtnl-debug-mc-error,reflection,jkjkj,2026-01-31 15:16:00.383218
886,py4e-int,llm_peer,cndtnl-debug-mc-error,sendmessage,"to: student:i get where you're coming from, but are you sure that answer d is the only one that could cause an error? i mean, what about the division in answer c? that could also lead to an issue, right?",2026-01-31 15:16:02
887,py4e-int,testuser1,cndtnl-debug-mc-error,reflection,"i chose answer D. my explanation was:

jkjkj",2026-01-31 15:16:05
888,py4e-int,testuser1,cndtnl-debug-mc-error,sendmessage,"to:llm:m,",2026-01-31 15:16:05
889,py4e-int,llm_peer,cndtnl-debug-mc-error,sendmessage,"to: student:i see you're sticking with d, but have you thought about how the division by z in answer c could definitely cause an error too? it might be worth considering that before you submit.",2026-01-31 15:16:07
895,py4e-int,testuser1,cndtnl-debug-mc-error,reflection,"i chose answer C. my explanation was:

asd",2026-01-31 15:19:51
894,py4e-int,testuser1,cndtnl-debug-mc-error,reflection,asd,2026-01-31 15:19:51.098736
896,py4e-int,llm_peer,cndtnl-debug-mc-error,sendmessage,"to: student:i get that you chose c, but are you sure about that explanation? i mean, it says that dividing by z, which is 0, will cause an error. maybe there's something else to consider?",2026-01-31 15:19:52
897,py4e-int,testuser1,cndtnl-debug-mc-error,reflection,"i chose answer C. my explanation was:

asd",2026-01-31 15:19:56
898,py4e-int,testuser1,cndtnl-debug-mc-error,sendmessage,to:llm:m,2026-01-31 15:19:56
900,py4e-int,llm_peer,cndtnl-debug-mc-error,sendmessage,"to: student:i see you’re confident, but have you thought about how the other options might fit into the question? sometimes it's good to double-check everything before submitting. if you're set on c, then go ahead and submit your second vote!",2026-01-31 15:19:59
932,py4e-int,testuser1,cndtnl-debug-mc-error,reflection,"i chose answer A. my explanation was:

asd",2026-01-31 15:25:19
931,py4e-int,testuser1,cndtnl-debug-mc-error,reflection,asd,2026-01-31 15:25:19.93549
933,py4e-int,llm_peer,cndtnl-debug-mc-error,sendmessage,"to: student:i see where you're coming from, but let's think about what each option is doing. for answer a, it's using the exponent operator, which means it's calculating x raised to the power of z. since z is 0, what do you think that would evaluate to?",2026-01-31 15:25:22
934,py4e-int,testuser1,cndtnl-debug-mc-error,reflection,"i chose answer A. my explanation was:

asd",2026-01-31 15:25:25
935,py4e-int,testuser1,cndtnl-debug-mc-error,sendmessage,to:llm:zxc,2026-01-31 15:25:25
937,py4e-int,llm_peer,cndtnl-debug-mc-error,sendmessage,"to: student:got it. so if z is 0, and we're looking at the exponentiation, do you remember what any number raised to the power of 0 equals? it might help clarify if answer a would actually cause an error or not.",2026-01-31 15:25:27
940,py4e-int,testuser1,cndtnl-debug-mc-error,reflection,"i chose answer . my explanation was:

asd",2026-01-31 15:25:32
939,py4e-int,testuser1,cndtnl-debug-mc-error,reflection,asd,2026-01-31 15:25:32.203143
941,py4e-int,llm_peer,cndtnl-debug-mc-error,sendmessage,"to: student:i think we should look at the operations involved in each answer choice. for answer a, it uses the exponent operator, which might not cause an error with the given values. answer b just adds numbers, so that seems safe too. 

but for answer c, it involves division by z, which is 0. that definitely raises a red flag for causing an error. what do you think about that?",2026-01-31 15:25:34
948,py4e-int,testuser1,cndtnl-debug-mc-error,reflection,"i chose answer C. my explanation was:

sd",2026-01-31 15:30:26
947,py4e-int,testuser1,cndtnl-debug-mc-error,reflection,sd,2026-01-31 15:30:26.338583
949,py4e-int,llm_peer,cndtnl-debug-mc-error,sendmessage,"to: student:i see you chose c. your reasoning might be about the division by z, which is 0. that definitely leads to an error in many programming languages. did you think about how the other options evaluate with the given values?",2026-01-31 15:30:28
955,py4e-int,testuser1,cndtnl-debug-mc-error,reflection,"i chose answer B. my explanation was:

wer",2026-01-31 15:31:20
954,py4e-int,testuser1,cndtnl-debug-mc-error,reflection,wer,2026-01-31 15:31:20.155028
956,py4e-int,llm_peer,cndtnl-debug-mc-error,sendmessage,"to: student:i see what you were thinking with answer b, but remember that it says ""y + 12."" if y is 12, then it would be 12 + 12, which equals 24. that doesn't seem like it would cause an error. 

what do you think about the other options?",2026-01-31 15:31:22
958,py4e-int,testuser1,cndtnl-debug-mc-error,sendmessage,to:llm:a,2026-01-31 15:32:27
957,py4e-int,testuser1,cndtnl-debug-mc-error,reflection,"i chose answer B. my explanation was:

wer",2026-01-31 15:32:27
959,py4e-int,llm_peer,cndtnl-debug-mc-error,sendmessage,"to: student:for answer a, it's ""x ** z."" since x is 2 and z is 0, that would be 2 raised to the power of 0. do you remember what that evaluates to?",2026-01-31 15:32:30
964,py4e-int,testuser1,cndtnl-debug-mc-error,reflection,asd,2026-02-01 14:35:54.472448
965,py4e-int,testuser1,cndtnl-debug-mc-error,reflection,"i chose answer C. my explanation was:

asd",2026-02-01 14:35:55
966,py4e-int,llm_peer,cndtnl-debug-mc-error,sendmessage,"to: student:i think your reasoning might be on the right track. if we look at the expression in answer c, it involves division by z, which is 0. division by zero usually leads to an error in programming. 

what do you think about the other options? do you see any potential issues with them?",2026-02-01 14:36:00
967,py4e-int,testuser1,cndtnl-debug-mc-error,reflection,"i chose answer C. my explanation was:

asd",2026-02-01 14:36:03
968,py4e-int,testuser1,cndtnl-debug-mc-error,sendmessage,to:llm:purple,2026-02-01 14:36:03
969,py4e-int,llm_peer,cndtnl-debug-mc-error,sendmessage,"to: student:i'm not sure how ""purple"" relates to the question. but if we focus back on the options, answer a and b seem to evaluate to specific numbers based on the values given. answer d also gives a result without causing an error. 

do you think any of those could lead to an error, or is it just answer c that stands out?",2026-02-01 14:36:06
973,py4e-int,testuser1,cndtnl-debug-mc-error,reflection,"i chose answer C. my explanation was:

asd",2026-02-01 14:44:15
972,py4e-int,testuser1,cndtnl-debug-mc-error,reflection,asd,2026-02-01 14:44:15.169393
974,py4e-int,llm_peer,cndtnl-debug-mc-error,sendmessage,"to: student:i think your reasoning might be on the right track. since the question is about errors, we should focus on what happens with the values given. 

for answer c, we have x + y / z. if z is 0, what happens when you try to divide by z? that could definitely lead to an error. 

what do you think about the other options? do you see any potential issues with them?",2026-02-01 14:44:17
975,py4e-int,testuser1,cndtnl-debug-mc-error,reflection,"i chose answer C. my explanation was:

asd",2026-02-01 14:44:33
976,py4e-int,testuser1,cndtnl-debug-mc-error,sendmessage,to:llm:asd,2026-02-01 14:44:33
977,py4e-int,llm_peer,cndtnl-debug-mc-error,sendmessage,"to: student:i get that it can be confusing. but if we look at the other options, we should consider how they evaluate with the values given. 

for example, in option a, x ** z, what do you think happens when z is 0? and for option b, y + 12, that seems straightforward, right? 

it's all about figuring out where the errors might come from. do you think any of the other options could cause an error too?",2026-02-01 14:44:35
984,py4e-int,testuser1,cndtnl-debug-mc-error,reflection,"i chose answer A. my explanation was:

d",2026-02-01 14:44:50
983,py4e-int,testuser1,cndtnl-debug-mc-error,reflection,d,2026-02-01 14:44:50.646621
985,py4e-int,llm_peer,cndtnl-debug-mc-error,sendmessage,"to: student:i see where you're coming from, but let's think about the operations involved in each option. answer a is using the exponent operator, which is not the same as division or modulus. do you think that could lead to an error with the given values?",2026-02-01 14:44:52
987,py4e-int,testuser1,cndtnl-debug-mc-error,sendmessage,to:llm:dfg,2026-02-01 14:44:53
986,py4e-int,testuser1,cndtnl-debug-mc-error,reflection,"i chose answer A. my explanation was:

d",2026-02-01 14:44:53
988,py4e-int,llm_peer,cndtnl-debug-mc-error,sendmessage,"to: student:i get that it can be confusing. but remember, in answer a, if x is 2 and z is 0, what happens when you try to calculate that? does it involve any operations that could lead to an error?",2026-02-01 14:44:55
992,py4e-int,testuser1,cndtnl-debug-mc-error,reflection,"i chose answer C. my explanation was:

.",2026-02-01 14:48:51
991,py4e-int,testuser1,cndtnl-debug-mc-error,reflection,.,2026-02-01 14:48:51.658518
993,py4e-int,llm_peer,cndtnl-debug-mc-error,sendmessage,to: student:i see you chose c. your reasoning makes sense because dividing by zero is undefined in programming. can you explain how you arrived at that conclusion?,2026-02-01 14:48:52
997,py4e-int,testuser1,cndtnl-debug-mc-error,reflection,"i chose answer C. my explanation was:

l",2026-02-01 14:49:00
996,py4e-int,testuser1,cndtnl-debug-mc-error,reflection,l,2026-02-01 14:49:00.735854
998,py4e-int,llm_peer,cndtnl-debug-mc-error,sendmessage,"to: student:i think your reasoning makes sense. since z is 0, dividing by z would definitely cause an error. the expression in answer c has that division, so it seems like a valid choice for causing an error. did you consider how the other options might evaluate with the given values?",2026-02-01 14:49:02
999,py4e-int,testuser1,cndtnl-debug-mc-error,reflection,"i chose answer C. my explanation was:

l",2026-02-01 14:49:04
1000,py4e-int,testuser1,cndtnl-debug-mc-error,sendmessage,to:llm:k,2026-02-01 14:49:04
1001,py4e-int,llm_peer,cndtnl-debug-mc-error,sendmessage,"to: student:i get that it's a bit confusing. if we look at the other options, they don't have that division by z. so they might not cause an error. what do you think about the other choices? do you think they could possibly evaluate without issues?",2026-02-01 14:49:12
1008,py4e-int,testuser1,cndtnl-debug-mc-error,reflection,"i chose answer C. my explanation was:

llk",2026-02-01 14:52:05
1007,py4e-int,testuser1,cndtnl-debug-mc-error,reflection,llk,2026-02-01 14:52:05.829109
1009,py4e-int,llm_peer,cndtnl-debug-mc-error,sendmessage,"to: student:i see you chose c. your reasoning might be focused on the division by z, which is 0. that definitely would cause an error. did you think about how the other options evaluate with the given values?",2026-02-01 14:52:07
1011,py4e-int,testuser1,cndtnl-debug-mc-error,sendmessage,to:llm:asd,2026-02-01 14:52:16
1010,py4e-int,testuser1,cndtnl-debug-mc-error,reflection,"i chose answer C. my explanation was:

llk",2026-02-01 14:52:16
1012,py4e-int,llm_peer,cndtnl-debug-mc-error,sendmessage,"to: student:i get it, sometimes it's tough to focus. but if we look at the other options, we can see how they behave with x, y, and z. for instance, option a uses the exponent operator, which might not be what you expect. did you consider how those calculations would work out?",2026-02-01 14:52:17
1016,py4e-int,testuser1,cndtnl-debug-mc-error,reflection,"i chose answer C. my explanation was:

zxv",2026-02-01 14:57:20
1015,py4e-int,testuser1,cndtnl-debug-mc-error,reflection,zxv,2026-02-01 14:57:20.143163
1017,py4e-int,llm_peer,cndtnl-debug-mc-error,sendmessage,"to: student:i think you might want to clarify that a bit. answer c is x + y / z, and since z is 0, dividing by z would definitely cause an error. that makes sense. did you consider how the other options handle the values given?",2026-02-01 14:57:22
1018,py4e-int,testuser1,cndtnl-debug-mc-error,reflection,"i chose answer C. my explanation was:

zxv",2026-02-01 14:57:28
1019,py4e-int,testuser1,cndtnl-debug-mc-error,sendmessage,to:llm:zxc,2026-02-01 14:57:28
1020,py4e-int,llm_peer,cndtnl-debug-mc-error,sendmessage,"to: student:i get what you're saying, but it's important to think about how each option works with the values. for example, in answer a, the exponent operation with the values given doesn't involve division by z, so it wouldn't cause an error. what do you think about that?",2026-02-01 14:57:32
1025,py4e-int,testuser1,cndtnl-debug-mc-error,reflection,"i chose answer A. my explanation was:

,,",2026-02-01 15:05:08
1024,py4e-int,testuser1,cndtnl-debug-mc-error,reflection,",,",2026-02-01 15:05:08.813
1026,py4e-int,llm_peer,cndtnl-debug-mc-error,sendmessage,"to: student:i think answer a is x ** z, which means 2 ** 0. since anything raised to the power of 0 is 1, it shouldn't cause an error. but maybe you're thinking about how the other options might involve division by z, which is 0?",2026-02-01 15:05:11
1028,py4e-int,testuser1,cndtnl-debug-mc-error,sendmessage,to:llm:l,2026-02-01 15:05:13
1027,py4e-int,testuser1,cndtnl-debug-mc-error,reflection,"i chose answer A. my explanation was:

,,",2026-02-01 15:05:13
1029,py4e-int,llm_peer,cndtnl-debug-mc-error,sendmessage,to: student:it seems like you might have more to say. what are your thoughts about the other options?,2026-02-01 15:05:16
1039,py4e-int,testuser1,cndtnl-debug-mc-error,reflection,"i chose answer C. my explanation was:

asd",2026-02-01 15:05:52
1038,py4e-int,testuser1,cndtnl-debug-mc-error,reflection,asd,2026-02-01 15:05:52.576066
1040,py4e-int,llm_peer,cndtnl-debug-mc-error,sendmessage,"to: student:i see you chose answer c. your explanation was ""asd."" can you elaborate a bit more on why you think c is the right choice? i mean, dividing by z when z is 0 definitely sounds like it could cause an error, right?",2026-02-01 15:05:54
1045,py4e-int,testuser1,cndtnl-debug-mc-error,reflection,"i chose answer A. my explanation was:

ZXC",2026-02-01 15:07:29
1044,py4e-int,testuser1,cndtnl-debug-mc-error,reflection,ZXC,2026-02-01 15:07:29.346824
1046,py4e-int,llm_peer,cndtnl-debug-mc-error,sendmessage,"to: student:i see you chose answer a, but let's think about what each option does. for answer a, it looks like it's using the exponent operator. do you remember what happens when you try to evaluate that with the values given?",2026-02-01 15:07:31
1052,py4e-int,testuser1,cndtnl-debug-mc-error,reflection,"i chose answer C. my explanation was:

you cannot divide by 0",2026-02-01 15:19:44
1050,py4e-int,testuser1,cndtnl-debug-mc-error,reflection,you cannot divide by 0,2026-02-01 15:19:44.809693
1051,py4e-int,testuser1,cndtnl-debug-mc-error,reflection,"{""pi_attempt_id"":""testuser1:cndtnl-debug-mc-error:1769959176366"",""content"":""you cannot divide by 0""}",2026-02-01 15:19:44.812401
1053,py4e-int,llm_peer,cndtnl-debug-mc-error,sendmessage,"to: student:yeah, that's definitely a solid point. division by zero is a common error in programming. so, since z is 0 in the expression x + y / z, it would lead to an error when you try to evaluate that part. 

but what about the other options? did you consider how they evaluate with the given values?",2026-02-01 15:19:46
1054,py4e-int,testuser1,cndtnl-debug-mc-error,sendmessage,"{""pi_attempt_id"":""testuser1:cndtnl-debug-mc-error:1769959176366"",""turn_index"":1,""role"":""assistant"",""content"":""yeah, that's definitely a solid point. division by zero is a common error in programming. so, since z is 0 in the expression x + y / z, it would lead to an error when you try to evaluate that part. \n\nbut what about the other options? did you consider how they evaluate with the given values?""}",2026-02-01 15:19:46.727718
1056,py4e-int,testuser1,cndtnl-debug-mc-error,reflection,"i chose answer C. my explanation was:

you cannot divide by 0",2026-02-01 15:19:59
1057,py4e-int,testuser1,cndtnl-debug-mc-error,sendmessage,to:llm:i tested them all and im confident that i am right,2026-02-01 15:19:59
1055,py4e-int,testuser1,cndtnl-debug-mc-error,sendmessage,"{""pi_attempt_id"":""testuser1:cndtnl-debug-mc-error:1769959176366"",""turn_index"":2,""role"":""user"",""content"":""i tested them all and im confident that i am right""}",2026-02-01 15:19:59.773938
1058,py4e-int,llm_peer,cndtnl-debug-mc-error,sendmessage,"to: student:that's good that you tested them! it's always helpful to check each option. just to clarify, for option a, the exponent operator would give you a specific value, right? and for option b, you just add y and 12. those seem straightforward. 

but option d involves the modulus operator, which might also be interesting to think about. did you check how that one evaluates?",2026-02-01 15:20:01
1059,py4e-int,testuser1,cndtnl-debug-mc-error,sendmessage,"{""pi_attempt_id"":""testuser1:cndtnl-debug-mc-error:1769959176366"",""turn_index"":3,""role"":""assistant"",""content"":""that's good that you tested them! it's always helpful to check each option. just to clarify, for option a, the exponent operator would give you a specific value, right? and for option b, you just add y and 12. those seem straightforward. \n\nbut option d involves the modulus operator, which might also be interesting to think about. did you check how that one evaluates?""}",2026-02-01 15:20:02.207265
1067,py4e-int,testuser1,cndtnl-debug-mc-error,reflection,"i chose answer B. my explanation was:

purple",2026-02-01 15:22:26
1065,py4e-int,testuser1,cndtnl-debug-mc-error,reflection,"{""pi_attempt_id"":""testuser1:cndtnl-debug-mc-error:1769959343225"",""content"":""purple""}",2026-02-01 15:22:26.039152
1066,py4e-int,testuser1,cndtnl-debug-mc-error,reflection,purple,2026-02-01 15:22:26.040009
1068,py4e-int,llm_peer,cndtnl-debug-mc-error,sendmessage,"to: student:i see you chose answer b. but let's think about it. the question is asking which option will cause an error when z is 0. 

if we look at answer b, it says y + 12. since y is 12, that would just be 12 + 12, which equals 24. that doesn't involve z at all, so it shouldn't cause an error, right? 

what do you think about that?",2026-02-01 15:22:28
1071,py4e-int,testuser1,cndtnl-debug-mc-error,reflection,"i chose answer B. my explanation was:

purple",2026-02-01 15:22:29
1072,py4e-int,testuser1,cndtnl-debug-mc-error,sendmessage,to:llm:asd,2026-02-01 15:22:29
1069,py4e-int,testuser1,cndtnl-debug-mc-error,sendmessage,"{""pi_attempt_id"":""testuser1:cndtnl-debug-mc-error:1769959343225"",""turn_index"":1,""role"":""assistant"",""content"":""i see you chose answer b. but let's think about it. the question is asking which option will cause an error when z is 0. \n\nif we look at answer b, it says y + 12. since y is 12, that would just be 12 + 12, which equals 24. that doesn't involve z at all, so it shouldn't cause an error, right? \n\nwhat do you think about that?""}",2026-02-01 15:22:29.041239
1070,py4e-int,testuser1,cndtnl-debug-mc-error,sendmessage,"{""pi_attempt_id"":""testuser1:cndtnl-debug-mc-error:1769959343225"",""turn_index"":2,""role"":""user"",""content"":""asd""}",2026-02-01 15:22:29.93546
1073,py4e-int,llm_peer,cndtnl-debug-mc-error,sendmessage,"to: student:it seems like you might be unsure. no worries! just to clarify, the question is specifically about what happens when z is 0. 

if we consider the other options, especially the one that mentions dividing by z, that could definitely lead to an error. 

do you want to look at any specific option again?",2026-02-01 15:22:31
1074,py4e-int,testuser1,cndtnl-debug-mc-error,sendmessage,"{""pi_attempt_id"":""testuser1:cndtnl-debug-mc-error:1769959343225"",""turn_index"":3,""role"":""assistant"",""content"":""it seems like you might be unsure. no worries! just to clarify, the question is specifically about what happens when z is 0. \n\nif we consider the other options, especially the one that mentions dividing by z, that could definitely lead to an error. \n\ndo you want to look at any specific option again?""}",2026-02-01 15:22:32.002188
1086,py4e-int,testuser1,cndtnl-debug-mc-error,reflection,"i chose answer C. my explanation was:

sd",2026-02-01 15:31:38
1084,py4e-int,testuser1,cndtnl-debug-mc-error,reflection,sd,2026-02-01 15:31:38.92179
1085,py4e-int,testuser1,cndtnl-debug-mc-error,reflection,"{""pi_attempt_id"":""testuser1:cndtnl-debug-mc-error:1769959897520"",""content"":""sd""}",2026-02-01 15:31:38.923567
1087,py4e-int,llm_peer,cndtnl-debug-mc-error,sendmessage,to: student:i see you chose answer c. can you explain why you think that one will cause an error? what do you think happens with the division by z?,2026-02-01 15:31:41
1088,py4e-int,testuser1,cndtnl-debug-mc-error,sendmessage,"{""pi_attempt_id"":""testuser1:cndtnl-debug-mc-error:1769959897520"",""turn_index"":1,""role"":""assistant"",""content"":""i see you chose answer c. can you explain why you think that one will cause an error? what do you think happens with the division by z?""}",2026-02-01 15:31:41.182252
1090,py4e-int,testuser1,cndtnl-debug-mc-error,reflection,"i chose answer C. my explanation was:

sd",2026-02-01 15:31:43
1091,py4e-int,testuser1,cndtnl-debug-mc-error,sendmessage,to:llm:asd,2026-02-01 15:31:43
1089,py4e-int,testuser1,cndtnl-debug-mc-error,sendmessage,"{""pi_attempt_id"":""testuser1:cndtnl-debug-mc-error:1769959897520"",""turn_index"":2,""role"":""user"",""content"":""asd""}",2026-02-01 15:31:43.080272
1092,py4e-int,llm_peer,cndtnl-debug-mc-error,sendmessage,"to: student:i get that it might be a bit confusing. so, if z is 0, what do you think happens when you try to divide by it in that expression?",2026-02-01 15:31:44
1093,py4e-int,testuser1,cndtnl-debug-mc-error,sendmessage,"{""pi_attempt_id"":""testuser1:cndtnl-debug-mc-error:1769959897520"",""turn_index"":3,""role"":""assistant"",""content"":""i get that it might be a bit confusing. so, if z is 0, what do you think happens when you try to divide by it in that expression?""}",2026-02-01 15:31:44.228687
1099,py4e-int,testuser1,cndtnl-debug-mc-error,reflection,"i chose answer A. my explanation was:

blue blue purple",2026-02-01 15:52:30
1097,py4e-int,testuser1,cndtnl-debug-mc-error,pi_reflection,"{""pi_attempt_id"":""testuser1:cndtnl-debug-mc-error:1769961136094"",""role"":""student"",""content"":""blue blue purple""}",2026-02-01 15:52:30.076421
1098,py4e-int,testuser1,cndtnl-debug-mc-error,reflection,blue blue purple,2026-02-01 15:52:30.094555
1100,py4e-int,llm_peer,cndtnl-debug-mc-error,sendmessage,"to: student:i see what you mean, but let's think about what each option does with the values given. 

for answer a, x ** z, since z is 0, it would actually evaluate to 1, because any number to the power of 0 is 1. 

so, it seems like that wouldn't cause an error. 

what do you think about the other options?",2026-02-01 15:52:32
1101,py4e-int,testuser1,cndtnl-debug-mc-error,pi_llm_turn,"{""pi_attempt_id"":""testuser1:cndtnl-debug-mc-error:1769961136094"",""turn_index"":1,""role"":""assistant"",""content"":""i see what you mean, but let's think about what each option does with the values given. \n\nfor answer a, x ** z, since z is 0, it would actually evaluate to 1, because any number to the power of 0 is 1. \n\nso, it seems like that wouldn't cause an error. \n\nwhat do you think about the other options?""}",2026-02-01 15:52:32.296281
1104,py4e-int,testuser1,cndtnl-debug-mc-error,sendmessage,to:llm:sure,2026-02-01 15:52:41
1103,py4e-int,testuser1,cndtnl-debug-mc-error,reflection,"i chose answer A. my explanation was:

blue blue purple",2026-02-01 15:52:41
1102,py4e-int,testuser1,cndtnl-debug-mc-error,pi_llm_turn,"{""pi_attempt_id"":""testuser1:cndtnl-debug-mc-error:1769961136094"",""turn_index"":2,""role"":""user"",""content"":""sure""}",2026-02-01 15:52:41.027593
1105,py4e-int,llm_peer,cndtnl-debug-mc-error,sendmessage,"to: student:okay, so if we look at answer b, y + 12, that would just be 12 + 12, which is 24. no error there either.

now, for answer d, z % 3, since z is 0, that would be 0 % 3, which evaluates to 0. still no error.

but answer c, x + y / z, is interesting because dividing by z (which is 0) would definitely cause an error. 

does that change your perspective on the question?",2026-02-01 15:52:44
1106,py4e-int,testuser1,cndtnl-debug-mc-error,pi_llm_turn,"{""pi_attempt_id"":""testuser1:cndtnl-debug-mc-error:1769961136094"",""turn_index"":3,""role"":""assistant"",""content"":""okay, so if we look at answer b, y + 12, that would just be 12 + 12, which is 24. no error there either.\n\nnow, for answer d, z % 3, since z is 0, that would be 0 % 3, which evaluates to 0. still no error.\n\nbut answer c, x + y / z, is interesting because dividing by z (which is 0) would definitely cause an error. \n\ndoes that change your perspective on the question?""}",2026-02-01 15:52:44.276237
1119,py4e-int,testuser1,fileEx_close_v2,reflection,"i chose answer D. my explanation was:

it follows the same structure as the open command",2026-02-01 16:29:52
1116,py4e-int,testuser1,fileEx_close_v2,reflection,it follows the same structure as the open command,2026-02-01 16:29:52.438338
1117,py4e-int,testuser1,fileEx_close_v2,pi_reflection,"{""pi_attempt_id"":""testuser1:fileEx_close_v2:1769963381758"",""role"":""student"",""content"":""it follows the same structure as the open command""}",2026-02-01 16:29:52.438339
1118,py4e-int,testuser1,fileEx_close_v2,pi_llm_turn,"{""pi_attempt_id"":""testuser1:fileEx_close_v2:1769963381758"",""turn_index"":1,""role"":""user"",""content"":""it follows the same structure as the open command""}",2026-02-01 16:29:52.444898
1120,py4e-int,llm_peer,fileEx_close_v2,sendmessage,"to: student:i see what you mean about the structure. but remember, the open command creates a file object, and you need to call close on that object. so, while it looks similar, it might not actually work that way. do you think ""myText"" is referencing the file object directly?",2026-02-01 16:29:53
1121,py4e-int,testuser1,fileEx_close_v2,pi_llm_turn,"{""pi_attempt_id"":""testuser1:fileEx_close_v2:1769963381758"",""turn_index"":2,""role"":""assistant"",""content"":""i see what you mean about the structure. but remember, the open command creates a file object, and you need to call close on that object. so, while it looks similar, it might not actually work that way. do you think \""myText\"" is referencing the file object directly?""}",2026-02-01 16:29:53.981237
1124,py4e-int,testuser1,fileEx_close_v2,sendmessage,to:llm:oh then would it be like x.close(),2026-02-01 16:30:10
1123,py4e-int,testuser1,fileEx_close_v2,reflection,"i chose answer D. my explanation was:

it follows the same structure as the open command",2026-02-01 16:30:10
1122,py4e-int,testuser1,fileEx_close_v2,pi_llm_turn,"{""pi_attempt_id"":""testuser1:fileEx_close_v2:1769963381758"",""turn_index"":3,""role"":""user"",""content"":""oh then would it be like x.close()""}",2026-02-01 16:30:10.221026
1125,py4e-int,llm_peer,fileEx_close_v2,sendmessage,"to: student:yeah, exactly! if you had a variable like x that represents the file object, you'd call x.close(). so in this case, you need to use the variable that holds the file object, which is ref_file. does that change your perspective on the options?",2026-02-01 16:30:11
1126,py4e-int,testuser1,fileEx_close_v2,pi_llm_turn,"{""pi_attempt_id"":""testuser1:fileEx_close_v2:1769963381758"",""turn_index"":4,""role"":""assistant"",""content"":""yeah, exactly! if you had a variable like x that represents the file object, you'd call x.close(). so in this case, you need to use the variable that holds the file object, which is ref_file. does that change your perspective on the options?""}",2026-02-01 16:30:12.07057
1135,py4e-int,testuser1,dz-lecture_29_5,reflection,"i chose answer C. my explanation was:

cause the logic",2026-02-01 16:31:11
1133,py4e-int,testuser1,dz-lecture_29_5,pi_reflection,"{""pi_attempt_id"":""testuser1:dz-lecture_29_5:1769963467276"",""role"":""student"",""content"":""cause the logic""}",2026-02-01 16:31:11.436153
1132,py4e-int,testuser1,dz-lecture_29_5,reflection,cause the logic,2026-02-01 16:31:11.436163
1134,py4e-int,testuser1,dz-lecture_29_5,pi_llm_turn,"{""pi_attempt_id"":""testuser1:dz-lecture_29_5:1769963467276"",""turn_index"":1,""role"":""user"",""content"":""cause the logic""}",2026-02-01 16:31:11.438729
1136,py4e-int,llm_peer,dz-lecture_29_5,sendmessage,"to: student:i see what you're saying, but let's think about the logic a bit more. the function reads lines from the file until it hits an empty line. when it encounters an empty line, it moves to the next line, but if the last line is also empty, it could cause an issue, right? 

what do you think happens when it tries to read past the last line?",2026-02-01 16:31:14
1137,py4e-int,testuser1,dz-lecture_29_5,pi_llm_turn,"{""pi_attempt_id"":""testuser1:dz-lecture_29_5:1769963467276"",""turn_index"":2,""role"":""assistant"",""content"":""i see what you're saying, but let's think about the logic a bit more. the function reads lines from the file until it hits an empty line. when it encounters an empty line, it moves to the next line, but if the last line is also empty, it could cause an issue, right? \n\nwhat do you think happens when it tries to read past the last line?""}",2026-02-01 16:31:14.331555
1142,py4e-int,testuser1,dz-lecture_29_5,sendmessage,to:llm:it goes forever?,2026-02-01 16:31:25
1141,py4e-int,testuser1,dz-lecture_29_5,reflection,"i chose answer C. my explanation was:

cause the logic",2026-02-01 16:31:25
1140,py4e-int,testuser1,dz-lecture_29_5,pi_llm_turn,"{""pi_attempt_id"":""testuser1:dz-lecture_29_5:1769963467276"",""turn_index"":3,""role"":""user"",""content"":""it goes forever?""}",2026-02-01 16:31:25.759289
1143,py4e-int,llm_peer,dz-lecture_29_5,sendmessage,"to: student:yeah, exactly! since the inner loop keeps running without a proper condition to stop when it reaches an empty string, it doesn't exit. so it ends up in an infinite loop. 

if we look at the other options, they all assume that it would return some kind of list structure, but that wouldn't happen because of the infinite loop. does that change how you view answer c?",2026-02-01 16:31:28
1144,py4e-int,testuser1,dz-lecture_29_5,pi_llm_turn,"{""pi_attempt_id"":""testuser1:dz-lecture_29_5:1769963467276"",""turn_index"":4,""role"":""assistant"",""content"":""yeah, exactly! since the inner loop keeps running without a proper condition to stop when it reaches an empty string, it doesn't exit. so it ends up in an infinite loop. \n\nif we look at the other options, they all assume that it would return some kind of list structure, but that wouldn't happen because of the infinite loop. does that change how you view answer c?""}",2026-02-01 16:31:28.749738
1154,py4e-int,testuser1,Exercises_bsoup_mc12,reflection,"i chose answer A. my explanation was:

i am at the aadl",2026-02-01 16:47:05
1151,py4e-int,testuser1,Exercises_bsoup_mc12,pi_reflection,"{""pi_attempt_id"":""testuser1:Exercises_bsoup_mc12:1769964418102"",""role"":""student"",""content"":""i am at the aadl""}",2026-02-01 16:47:05.723425
1152,py4e-int,testuser1,Exercises_bsoup_mc12,pi_llm_turn,"{""pi_attempt_id"":""testuser1:Exercises_bsoup_mc12:1769964418102"",""turn_index"":1,""role"":""user"",""content"":""i am at the aadl""}",2026-02-01 16:47:05.725396
1153,py4e-int,testuser1,Exercises_bsoup_mc12,reflection,i am at the aadl,2026-02-01 16:47:05.731937
1155,py4e-int,llm_peer,Exercises_bsoup_mc12,sendmessage,to: student:i see. so you think it retrieves and displays the webpage? but the feedback suggests that urllib retrieves the webpage without displaying it. what do you think about that?,2026-02-01 16:47:07
1156,py4e-int,testuser1,Exercises_bsoup_mc12,pi_llm_turn,"{""pi_attempt_id"":""testuser1:Exercises_bsoup_mc12:1769964418102"",""turn_index"":2,""role"":""assistant"",""content"":""i see. so you think it retrieves and displays the webpage? but the feedback suggests that urllib retrieves the webpage without displaying it. what do you think about that?""}",2026-02-01 16:47:07.451941
1159,py4e-int,testuser1,Exercises_bsoup_mc12,sendmessage,to:llm:cause i am,2026-02-01 16:47:13
1158,py4e-int,testuser1,Exercises_bsoup_mc12,reflection,"i chose answer A. my explanation was:

i am at the aadl",2026-02-01 16:47:13
1157,py4e-int,testuser1,Exercises_bsoup_mc12,pi_llm_turn,"{""pi_attempt_id"":""testuser1:Exercises_bsoup_mc12:1769964418102"",""turn_index"":3,""role"":""user"",""content"":""cause i am""}",2026-02-01 16:47:13.137101
1160,py4e-int,llm_peer,Exercises_bsoup_mc12,sendmessage,"to: student:i get that you're at the aadl, but focusing on the code, do you think it actually shows the webpage content or just retrieves it for further processing?",2026-02-01 16:47:15
1161,py4e-int,testuser1,Exercises_bsoup_mc12,pi_llm_turn,"{""pi_attempt_id"":""testuser1:Exercises_bsoup_mc12:1769964418102"",""turn_index"":4,""role"":""assistant"",""content"":""i get that you're at the aadl, but focusing on the code, do you think it actually shows the webpage content or just retrieves it for further processing?""}",2026-02-01 16:47:15.743192
1167,py4e-int,testuser1,Exercises_bsoup_mc12,reflection,"i chose answer A. my explanation was:

i am at the aadl",2026-02-01 16:47:24
1169,py4e-int,testuser1,Exercises_bsoup_mc12,sendmessage,to:llm:sd,2026-02-01 16:47:24
1168,py4e-int,testuser1,Exercises_bsoup_mc12,sendmessage,to:llm:cause i am,2026-02-01 16:47:24
1166,py4e-int,testuser1,Exercises_bsoup_mc12,pi_llm_turn,"{""pi_attempt_id"":""testuser1:Exercises_bsoup_mc12:1769964418102"",""turn_index"":5,""role"":""user"",""content"":""sd""}",2026-02-01 16:47:24.547282
1170,py4e-int,llm_peer,Exercises_bsoup_mc12,sendmessage,"to: student:i'm not sure what you mean by ""sd."" could you clarify? are you thinking about how the code processes the webpage?",2026-02-01 16:47:25
1171,py4e-int,testuser1,Exercises_bsoup_mc12,pi_llm_turn,"{""pi_attempt_id"":""testuser1:Exercises_bsoup_mc12:1769964418102"",""turn_index"":6,""role"":""assistant"",""content"":""i'm not sure what you mean by \""sd.\"" could you clarify? are you thinking about how the code processes the webpage?""}",2026-02-01 16:47:25.584254
1180,py4e-int,testuser1,csv_reader_type_of_row,reflection,"i chose answer A. my explanation was:

sd",2026-02-01 16:47:33
1177,py4e-int,testuser1,csv_reader_type_of_row,pi_reflection,"{""pi_attempt_id"":""testuser1:csv_reader_type_of_row:1769964451766"",""role"":""student"",""content"":""sd""}",2026-02-01 16:47:33.814991
1178,py4e-int,testuser1,csv_reader_type_of_row,reflection,sd,2026-02-01 16:47:33.814992
1179,py4e-int,testuser1,csv_reader_type_of_row,pi_llm_turn,"{""pi_attempt_id"":""testuser1:csv_reader_type_of_row:1769964451766"",""turn_index"":1,""role"":""user"",""content"":""sd""}",2026-02-01 16:47:33.815006
1181,py4e-int,llm_peer,csv_reader_type_of_row,sendmessage,"to: student:i see where you're coming from, but remember that a csv reader processes rows as individual entries. if it were a string, it would mean each row is just one continuous line of text, which isn't quite how it works. what do you think about the feedback that says it returns an iterator?",2026-02-01 16:47:36
1182,py4e-int,testuser1,csv_reader_type_of_row,pi_llm_turn,"{""pi_attempt_id"":""testuser1:csv_reader_type_of_row:1769964451766"",""turn_index"":2,""role"":""assistant"",""content"":""i see where you're coming from, but remember that a csv reader processes rows as individual entries. if it were a string, it would mean each row is just one continuous line of text, which isn't quite how it works. what do you think about the feedback that says it returns an iterator?""}",2026-02-01 16:47:36.641323
1183,py4e-int,testuser1,csv_reader_type_of_row,pi_llm_turn,"{""pi_attempt_id"":""testuser1:csv_reader_type_of_row:1769964451766"",""turn_index"":3,""role"":""user"",""content"":""sdsddsdsdssd""}",2026-02-01 16:47:52.99916
1184,py4e-int,testuser1,csv_reader_type_of_row,reflection,"i chose answer A. my explanation was:

sd",2026-02-01 16:47:53
1185,py4e-int,testuser1,csv_reader_type_of_row,sendmessage,to:llm:sdsddsdsdssd,2026-02-01 16:47:53
1186,py4e-int,llm_peer,csv_reader_type_of_row,sendmessage,"to: student:i get that it can be confusing. the feedback mentions that the csv reader returns an iterator, which means it can be processed in a way similar to a list. do you think that might change your perspective on what type of thing `row` is?",2026-02-01 16:47:54
1187,py4e-int,testuser1,csv_reader_type_of_row,pi_llm_turn,"{""pi_attempt_id"":""testuser1:csv_reader_type_of_row:1769964451766"",""turn_index"":4,""role"":""assistant"",""content"":""i get that it can be confusing. the feedback mentions that the csv reader returns an iterator, which means it can be processed in a way similar to a list. do you think that might change your perspective on what type of thing `row` is?""}",2026-02-01 16:47:54.380099
1195,py4e-int,testuser1,csv_reader_type_of_row,reflection,"i chose answer B. my explanation was:

sdsd",2026-02-01 16:48:02
1194,py4e-int,testuser1,csv_reader_type_of_row,pi_llm_turn,"{""pi_attempt_id"":""testuser1:csv_reader_type_of_row:1769964451766"",""turn_index"":1,""role"":""user"",""content"":""sdsd""}",2026-02-01 16:48:02.167557
1193,py4e-int,testuser1,csv_reader_type_of_row,reflection,sdsd,2026-02-01 16:48:02.167737
1196,py4e-int,testuser1,csv_reader_type_of_row,pi_reflection,"{""pi_attempt_id"":""testuser1:csv_reader_type_of_row:1769964451766"",""role"":""student"",""content"":""sdsd""}",2026-02-01 16:48:02.203444
1197,py4e-int,llm_peer,csv_reader_type_of_row,sendmessage,"to: student:i think that's a good choice. the csv reader does return rows in a way that can be processed like a list of strings, right? it makes sense to think of it as an iterator since you can loop through it. what made you lean towards that option specifically?",2026-02-01 16:48:04
1198,py4e-int,testuser1,csv_reader_type_of_row,pi_llm_turn,"{""pi_attempt_id"":""testuser1:csv_reader_type_of_row:1769964451766"",""turn_index"":2,""role"":""assistant"",""content"":""i think that's a good choice. the csv reader does return rows in a way that can be processed like a list of strings, right? it makes sense to think of it as an iterator since you can loop through it. what made you lean towards that option specifically?""}",2026-02-01 16:48:04.262511
1200,py4e-int,testuser1,csv_reader_type_of_row,reflection,"i chose answer B. my explanation was:

sdsd",2026-02-01 16:48:05
1201,py4e-int,testuser1,csv_reader_type_of_row,sendmessage,to:llm:sd,2026-02-01 16:48:05
1199,py4e-int,testuser1,csv_reader_type_of_row,pi_llm_turn,"{""pi_attempt_id"":""testuser1:csv_reader_type_of_row:1769964451766"",""turn_index"":3,""role"":""user"",""content"":""sd""}",2026-02-01 16:48:05.304107
1204,py4e-int,llm_peer,csv_reader_type_of_row,sendmessage,to: student:i get that. it can be tricky sometimes. i remember reading that the csv reader is designed to handle data in a way that's different from just a simple string or a dictionary. do you think the iterator aspect is the most important part here?,2026-02-01 16:48:08
1211,py4e-int,testuser1,csv_reader_type_of_row,reflection,"i chose answer B. my explanation was:

sd",2026-02-01 16:48:14
1208,py4e-int,testuser1,csv_reader_type_of_row,reflection,sd,2026-02-01 16:48:14.218341
1209,py4e-int,testuser1,csv_reader_type_of_row,pi_llm_turn,"{""pi_attempt_id"":""testuser1:csv_reader_type_of_row:1769964451766"",""turn_index"":1,""role"":""user"",""content"":""sd""}",2026-02-01 16:48:14.218343
1210,py4e-int,testuser1,csv_reader_type_of_row,pi_reflection,"{""pi_attempt_id"":""testuser1:csv_reader_type_of_row:1769964451766"",""role"":""student"",""content"":""sd""}",2026-02-01 16:48:14.218343
1213,py4e-int,llm_peer,csv_reader_type_of_row,sendmessage,"to: student:i think that's a solid choice. the csv reader does return an iterator, and it makes sense to think of it like a list of strings since you can iterate through it. did you consider how it behaves when you read through the rows?",2026-02-01 16:48:22
1226,py4e-int,testuser1,cndtnl-debug-mc-error,reflection,"i chose answer C. my explanation was:

sd",2026-02-01 16:48:41
1223,py4e-int,testuser1,cndtnl-debug-mc-error,reflection,sd,2026-02-01 16:48:41.712722
1224,py4e-int,testuser1,cndtnl-debug-mc-error,pi_llm_turn,"{""pi_attempt_id"":""testuser1:cndtnl-debug-mc-error:1769964512966"",""turn_index"":1,""role"":""user"",""content"":""sd""}",2026-02-01 16:48:41.713394
1225,py4e-int,testuser1,cndtnl-debug-mc-error,pi_reflection,"{""pi_attempt_id"":""testuser1:cndtnl-debug-mc-error:1769964512966"",""role"":""student"",""content"":""sd""}",2026-02-01 16:48:41.719028
1227,py4e-int,llm_peer,cndtnl-debug-mc-error,sendmessage,"to: student:i see you chose answer c. your reasoning might be that dividing by z, which is 0, would cause an error. that's definitely a crucial point to consider. 

what do you think about the other options? do you think any of them might cause an error too?",2026-02-01 16:48:44
1228,py4e-int,testuser1,cndtnl-debug-mc-error,pi_llm_turn,"{""pi_attempt_id"":""testuser1:cndtnl-debug-mc-error:1769964512966"",""turn_index"":2,""role"":""assistant"",""content"":""i see you chose answer c. your reasoning might be that dividing by z, which is 0, would cause an error. that's definitely a crucial point to consider. \n\nwhat do you think about the other options? do you think any of them might cause an error too?""}",2026-02-01 16:48:44.127908
1231,py4e-int,testuser1,cndtnl-debug-mc-error,sendmessage,to:llm:sdfsdfsds,2026-02-01 16:48:46
1230,py4e-int,testuser1,cndtnl-debug-mc-error,reflection,"i chose answer C. my explanation was:

sd",2026-02-01 16:48:46
1229,py4e-int,testuser1,cndtnl-debug-mc-error,pi_llm_turn,"{""pi_attempt_id"":""testuser1:cndtnl-debug-mc-error:1769964512966"",""turn_index"":3,""role"":""user"",""content"":""sdfsdfsds""}",2026-02-01 16:48:46.022905
1232,py4e-int,llm_peer,cndtnl-debug-mc-error,sendmessage,"to: student:it seems like you're not sure about the other options. if we look at them one by one, we can analyze what they do with the values given. 

for option a, it involves the exponent operator. do you remember what that evaluates to with the values provided? 

and for option b, it seems to just add a constant to y. does that seem like it would cause an error? 

let's think through those together.",2026-02-01 16:48:48
1233,py4e-int,testuser1,cndtnl-debug-mc-error,pi_llm_turn,"{""pi_attempt_id"":""testuser1:cndtnl-debug-mc-error:1769964512966"",""turn_index"":4,""role"":""assistant"",""content"":""it seems like you're not sure about the other options. if we look at them one by one, we can analyze what they do with the values given. \n\nfor option a, it involves the exponent operator. do you remember what that evaluates to with the values provided? \n\nand for option b, it seems to just add a constant to y. does that seem like it would cause an error? \n\nlet's think through those together.""}",2026-02-01 16:48:48.985395
1243,py4e-int,testuser1,cndtnl-chain-mc-ifGrades,reflection,"i chose answer A. my explanation was:

sdsds",2026-02-01 16:48:59
1241,py4e-int,testuser1,cndtnl-chain-mc-ifGrades,pi_reflection,"{""pi_attempt_id"":""testuser1:cndtnl-chain-mc-ifGrades:1769964536778"",""role"":""student"",""content"":""sdsds""}",2026-02-01 16:48:59.172953
1240,py4e-int,testuser1,cndtnl-chain-mc-ifGrades,pi_llm_turn,"{""pi_attempt_id"":""testuser1:cndtnl-chain-mc-ifGrades:1769964536778"",""turn_index"":1,""role"":""user"",""content"":""sdsds""}",2026-02-01 16:48:59.172956
1242,py4e-int,testuser1,cndtnl-chain-mc-ifGrades,reflection,sdsds,2026-02-01 16:48:59.174033
1244,py4e-int,llm_peer,cndtnl-chain-mc-ifGrades,sendmessage,"to: student:i see what you were thinking, but let's break it down a bit. the first condition checks if score is greater than or equal to 90, which is true in this case since the score is 93. so, grade gets set to ""A"". 

but then, we have to consider the other conditions. do you think they could affect what gets printed?",2026-02-01 16:49:01
1245,py4e-int,testuser1,cndtnl-chain-mc-ifGrades,pi_llm_turn,"{""pi_attempt_id"":""testuser1:cndtnl-chain-mc-ifGrades:1769964536778"",""turn_index"":2,""role"":""assistant"",""content"":""i see what you were thinking, but let's break it down a bit. the first condition checks if score is greater than or equal to 90, which is true in this case since the score is 93. so, grade gets set to \""A\"". \n\nbut then, we have to consider the other conditions. do you think they could affect what gets printed?""}",2026-02-01 16:49:01.329529
1247,py4e-int,testuser1,cndtnl-chain-mc-ifGrades,reflection,"i chose answer A. my explanation was:

sdsds",2026-02-01 16:49:03
1248,py4e-int,testuser1,cndtnl-chain-mc-ifGrades,sendmessage,to:llm:gfh,2026-02-01 16:49:03
1246,py4e-int,testuser1,cndtnl-chain-mc-ifGrades,pi_llm_turn,"{""pi_attempt_id"":""testuser1:cndtnl-chain-mc-ifGrades:1769964536778"",""turn_index"":3,""role"":""user"",""content"":""gfh""}",2026-02-01 16:49:03.073801
1249,py4e-int,llm_peer,cndtnl-chain-mc-ifGrades,sendmessage,"to: student:i get that it can be confusing. since the conditions are all independent, each one checks the score in order. after the first condition sets grade to ""A"", the next condition checks if the score is greater than or equal to 80, which it is. so, grade gets updated to ""B"". 

this continues for the other conditions too. so, by the time it reaches the end, grade will have been set multiple times. do you think that might change your answer?",2026-02-01 16:49:06
1251,py4e-int,testuser1,cndtnl-chain-mc-ifGrades,pi_llm_turn,"{""pi_attempt_id"":""testuser1:cndtnl-chain-mc-ifGrades:1769964536778"",""turn_index"":4,""role"":""assistant"",""content"":""i get that it can be confusing. since the conditions are all independent, each one checks the score in order. after the first condition sets grade to \""A\"", the next condition checks if the score is greater than or equal to 80, which it is. so, grade gets updated to \""B\"". \n\nthis continues for the other conditions too. so, by the time it reaches the end, grade will have been set multiple times.",2026-02-01 16:49:06.133522
1259,py4e-int,testuser1,cndtnl-cndex-mc-if1,reflection,"i chose answer A. my explanation was:

sd",2026-02-01 16:49:12
1256,py4e-int,testuser1,cndtnl-cndex-mc-if1,pi_llm_turn,"{""pi_attempt_id"":""testuser1:cndtnl-cndex-mc-if1:1769964550818"",""turn_index"":1,""role"":""user"",""content"":""sd""}",2026-02-01 16:49:12.265865
1257,py4e-int,testuser1,cndtnl-cndex-mc-if1,pi_reflection,"{""pi_attempt_id"":""testuser1:cndtnl-cndex-mc-if1:1769964550818"",""role"":""student"",""content"":""sd""}",2026-02-01 16:49:12.265962
1258,py4e-int,testuser1,cndtnl-cndex-mc-if1,reflection,sd,2026-02-01 16:49:12.267004
1260,py4e-int,llm_peer,cndtnl-cndex-mc-if1,sendmessage,"to: student:i see where you're coming from, but let's think about the condition in the if statement. since x is 4, do you think the code inside the if block will run? what happens after line 2 if the condition is false?",2026-02-01 16:49:13
1261,py4e-int,testuser1,cndtnl-cndex-mc-if1,pi_llm_turn,"{""pi_attempt_id"":""testuser1:cndtnl-cndex-mc-if1:1769964550818"",""turn_index"":2,""role"":""assistant"",""content"":""i see where you're coming from, but let's think about the condition in the if statement. since x is 4, do you think the code inside the if block will run? what happens after line 2 if the condition is false?""}",2026-02-01 16:49:14.018546
1264,py4e-int,testuser1,cndtnl-cndex-mc-if1,sendmessage,to:llm:asdasdsadsaasdas,2026-02-01 16:49:15
1263,py4e-int,testuser1,cndtnl-cndex-mc-if1,reflection,"i chose answer A. my explanation was:

sd",2026-02-01 16:49:15
1262,py4e-int,testuser1,cndtnl-cndex-mc-if1,pi_llm_turn,"{""pi_attempt_id"":""testuser1:cndtnl-cndex-mc-if1:1769964550818"",""turn_index"":3,""role"":""user"",""content"":""asdasdsadsaasdas""}",2026-02-01 16:49:15.393675
1267,py4e-int,llm_peer,cndtnl-cndex-mc-if1,sendmessage,"to: student:i get that it can be confusing. but remember, the if statement only executes its block if the condition is true. since x is 4, what do you think happens next?",2026-02-01 16:49:17
1268,py4e-int,testuser1,cndtnl-cndex-mc-if1,pi_llm_turn,"{""pi_attempt_id"":""testuser1:cndtnl-cndex-mc-if1:1769964550818"",""turn_index"":4,""role"":""assistant"",""content"":""i get that it can be confusing. but remember, the if statement only executes its block if the condition is true. since x is 4, what do you think happens next?""}",2026-02-01 16:49:17.168144
1275,py4e-int,testuser1,cndtnl-cndex-mc-if1,reflection,"i chose answer B. my explanation was:

asddsf",2026-02-01 16:49:23
1273,py4e-int,testuser1,cndtnl-cndex-mc-if1,pi_reflection,"{""pi_attempt_id"":""testuser1:cndtnl-cndex-mc-if1:1769964550818"",""role"":""student"",""content"":""asddsf""}",2026-02-01 16:49:23.0531
1272,py4e-int,testuser1,cndtnl-cndex-mc-if1,pi_llm_turn,"{""pi_attempt_id"":""testuser1:cndtnl-cndex-mc-if1:1769964550818"",""turn_index"":1,""role"":""user"",""content"":""asddsf""}",2026-02-01 16:49:23.0531
1274,py4e-int,testuser1,cndtnl-cndex-mc-if1,reflection,asddsf,2026-02-01 16:49:23.053267
1276,py4e-int,llm_peer,cndtnl-cndex-mc-if1,sendmessage,"to: student:i think your reasoning is on the right track. since the condition checks if x is less than 3 and x is actually 4, the block inside the if statement won't execute. so, after line 2, it makes sense that it would go to the next statement, which is the print statement outside the if block. what do you think about how the condition affects the flow of the code?",2026-02-01 16:49:25
1277,py4e-int,testuser1,cndtnl-cndex-mc-if1,pi_llm_turn,"{""pi_attempt_id"":""testuser1:cndtnl-cndex-mc-if1:1769964550818"",""turn_index"":2,""role"":""assistant"",""content"":""i think your reasoning is on the right track. since the condition checks if x is less than 3 and x is actually 4, the block inside the if statement won't execute. so, after line 2, it makes sense that it would go to the next statement, which is the print statement outside the if block. what do you think about how the condition affects the flow of the code?""}",2026-02-01 16:49:25.181007
1280,py4e-int,testuser1,cndtnl-cndex-mc-if1,sendmessage,to:llm:sdfdsfds,2026-02-01 16:49:26
1279,py4e-int,testuser1,cndtnl-cndex-mc-if1,reflection,"i chose answer B. my explanation was:

asddsf",2026-02-01 16:49:26
1278,py4e-int,testuser1,cndtnl-cndex-mc-if1,pi_llm_turn,"{""pi_attempt_id"":""testuser1:cndtnl-cndex-mc-if1:1769964550818"",""turn_index"":3,""role"":""user"",""content"":""sdfdsfds""}",2026-02-01 16:49:26.654833
1283,py4e-int,llm_peer,cndtnl-cndex-mc-if1,sendmessage,"to: student:i see what you mean. it can be tricky to follow the flow of execution, especially with if statements. since the condition is false, it skips the print statement inside the if block. that means the only thing left to execute after line 2 is the print statement that says ""all done."" do you think that helps clarify why b is the right choice?",2026-02-01 16:49:28
1284,py4e-int,testuser1,cndtnl-cndex-mc-if1,pi_llm_turn,"{""pi_attempt_id"":""testuser1:cndtnl-cndex-mc-if1:1769964550818"",""turn_index"":4,""role"":""assistant"",""content"":""i see what you mean. it can be tricky to follow the flow of execution, especially with if statements. since the condition is false, it skips the print statement inside the if block. that means the only thing left to execute after line 2 is the print statement that says \""all done.\"" do you think that helps clarify why b is the right choice?""}",2026-02-01 16:49:28.979614
1297,py4e-int,testuser1,Exercises_bsoup_mc12,reflection,"i chose answer B. my explanation was:

red",2026-02-01 16:55:42
1294,py4e-int,testuser1,Exercises_bsoup_mc12,pi_reflection,"{""pi_attempt_id"":""testuser1:Exercises_bsoup_mc12:1769964940179"",""role"":""student"",""content"":""red""}",2026-02-01 16:55:42.816625
1295,py4e-int,testuser1,Exercises_bsoup_mc12,pi_llm_turn,"{""pi_attempt_id"":""testuser1:Exercises_bsoup_mc12:1769964940179"",""turn_index"":1,""role"":""user"",""content"":""red""}",2026-02-01 16:55:42.820637
1296,py4e-int,testuser1,Exercises_bsoup_mc12,reflection,red,2026-02-01 16:55:42.835014
1298,py4e-int,llm_peer,Exercises_bsoup_mc12,sendmessage,"to: student:i see where you're coming from, but let's think about what the code is actually doing. the code retrieves the webpage and then uses beautifulsoup to parse the html. do you think it actually saves the webpage to your computer?",2026-02-01 16:55:44
1299,py4e-int,testuser1,Exercises_bsoup_mc12,pi_llm_turn,"{""pi_attempt_id"":""testuser1:Exercises_bsoup_mc12:1769964940179"",""turn_index"":2,""role"":""assistant"",""content"":""i see where you're coming from, but let's think about what the code is actually doing. the code retrieves the webpage and then uses beautifulsoup to parse the html. do you think it actually saves the webpage to your computer?""}",2026-02-01 16:55:44.474195
1302,py4e-int,testuser1,Exercises_bsoup_mc12,sendmessage,to:llm:purple,2026-02-01 16:55:45
1301,py4e-int,testuser1,Exercises_bsoup_mc12,reflection,"i chose answer B. my explanation was:

red",2026-02-01 16:55:45
1300,py4e-int,testuser1,Exercises_bsoup_mc12,pi_llm_turn,"{""pi_attempt_id"":""testuser1:Exercises_bsoup_mc12:1769964940179"",""turn_index"":3,""role"":""user"",""content"":""purple""}",2026-02-01 16:55:45.784271
1303,py4e-int,llm_peer,Exercises_bsoup_mc12,sendmessage,"to: student:i get that you're using colors, but let's focus on the code. after retrieving the webpage, it specifically looks for 'img' tags. do you think the code is just about downloading the content, or is it more about extracting information from those tags?",2026-02-01 16:55:47
1304,py4e-int,testuser1,Exercises_bsoup_mc12,pi_llm_turn,"{""pi_attempt_id"":""testuser1:Exercises_bsoup_mc12:1769964940179"",""turn_index"":4,""role"":""assistant"",""content"":""i get that you're using colors, but let's focus on the code. after retrieving the webpage, it specifically looks for 'img' tags. do you think the code is just about downloading the content, or is it more about extracting information from those tags?""}",2026-02-01 16:55:47.259257
1313,py4e-int,testuser1,csv_reader_type_of_row,reflection,"i chose answer B. my explanation was:

orange",2026-02-01 16:55:55
1311,py4e-int,testuser1,csv_reader_type_of_row,pi_reflection,"{""pi_attempt_id"":""testuser1:csv_reader_type_of_row:1769964953327"",""role"":""student"",""content"":""orange""}",2026-02-01 16:55:55.888925
1310,py4e-int,testuser1,csv_reader_type_of_row,pi_llm_turn,"{""pi_attempt_id"":""testuser1:csv_reader_type_of_row:1769964953327"",""turn_index"":1,""role"":""user"",""content"":""orange""}",2026-02-01 16:55:55.88899
1312,py4e-int,testuser1,csv_reader_type_of_row,reflection,orange,2026-02-01 16:55:55.892846
1314,py4e-int,llm_peer,csv_reader_type_of_row,sendmessage,"to: student:that's an interesting choice of word. but let's think about the question again. when we're dealing with a csv reader, what do you think the output looks like for each row? does it make sense that it would be a list or an iterator?",2026-02-01 16:55:57
1315,py4e-int,testuser1,csv_reader_type_of_row,pi_llm_turn,"{""pi_attempt_id"":""testuser1:csv_reader_type_of_row:1769964953327"",""turn_index"":2,""role"":""assistant"",""content"":""that's an interesting choice of word. but let's think about the question again. when we're dealing with a csv reader, what do you think the output looks like for each row? does it make sense that it would be a list or an iterator?""}",2026-02-01 16:55:57.232885
1317,py4e-int,testuser1,csv_reader_type_of_row,reflection,"i chose answer B. my explanation was:

orange",2026-02-01 16:55:58
1318,py4e-int,testuser1,csv_reader_type_of_row,sendmessage,to:llm:sdf,2026-02-01 16:55:58
1316,py4e-int,testuser1,csv_reader_type_of_row,pi_llm_turn,"{""pi_attempt_id"":""testuser1:csv_reader_type_of_row:1769964953327"",""turn_index"":3,""role"":""user"",""content"":""sdf""}",2026-02-01 16:55:58.472153
1319,py4e-int,llm_peer,csv_reader_type_of_row,sendmessage,"to: student:i see you're not sure. let's focus on the csv reader. when it reads a file, it typically processes each row one at a time, right? so, if we consider how it handles the data, does it align more with being a list or an iterator?",2026-02-01 16:56:00
1320,py4e-int,testuser1,csv_reader_type_of_row,pi_llm_turn,"{""pi_attempt_id"":""testuser1:csv_reader_type_of_row:1769964953327"",""turn_index"":4,""role"":""assistant"",""content"":""i see you're not sure. let's focus on the csv reader. when it reads a file, it typically processes each row one at a time, right? so, if we consider how it handles the data, does it align more with being a list or an iterator?""}",2026-02-01 16:56:00.068514
